address,country,town
"PAUL DOMBAIS
PARIS FRANCE",FR,PARIS
"FR783643860
14 RUE DU PEUPLE
13340 MARSEILLE FRANCE
TEL: 067534012",FR,MARSEILLE
"ENCYCLOPEDIE VENDUE
14 RUE DU PEUPLE
MARSEILLE
ID 067534012",NO COUNTRY,MARSEILLE
"ENCYCLOPEDIE VENDUE
14 RUE DU PEUPLE
MARSEILLE 13
ID 067534012",NO COUNTRY,MARSEILLE
"CA783643864230
14 STREET OF HEROES
N2L 3G1 MONTREAL CANADA
TEL: 067534012",CA,MONTREAL
"CA783643864230
14 HEROES STREET
N2L 3G1 MONTREAL CANADA
TEL: 067534012",CA,MONTREAL
"CA783643864230
14 HEROES ST.
N2L 3G1 MONTREAL CANADA
TEL: 067534012",CA,MONTREAL
"CA783643864230
14 STREET OF HEROES
N2L 3G1 MONTREAL CANADA
TEL: 06 75 34 01 21",CA,MONTREAL
"CA783643864230
14 STREET OF HEROES
MONTREAL CANADA
TEL: 067 534 012",CA,MONTREAL
"CA783643864230
14 RUE DE TROIS RIVIERES
MONTREAL CANADA
TEL: 067 534 012",CA,MONTREAL
"CA783643864230
14 RUE DE TROIS-RIVIERES
MONTREAL CANADA
TEL: 067 534 012",CA,MONTREAL
"CA783643864230
14 RUE DE TROIS-RIVIERES
CANADA MONTREAL
TEL: 067 534 012",CA,MONTREAL
"CA783643864230
14 RUE DE TROIS-RIVIERES
CANADA
TEL: 067 534 012",CA,NO TOWN
"CA783643864230
14 RUE DE QUEBEC
CANADA
TEL: 067 534 012",CA,NO TOWN
"CA783643864230
MONTREAL CANADA
14 RUE DE TROIS-RIVIERES
TEL: 067 534 012",CA,MONTREAL
"CA783643864230
14 STREET OF HEROES
W.561 LOS ANGELES CALIFORNIA
TEL: 067534012",US,LOS ANGELES
"FR79909790790
STREET OF HEROES
NORTH BUSINESS AREA
/FRANCE/PARIS",FR,PARIS
"FR79909790790
STREET OF HEROES
EAST BUSINESS ZONE
/FRANCE/PARIS",FR,PARIS
"FR79909790790
STREET OF HEROES
WEST BUSINESS DISTRICT
/FRANCE/PARIS",FR,PARIS
"FR79909790790
STREET OF HEROES
WEST BUSINESS DISTRICT
/FRANCE/MARSEILLE",FR,MARSEILLE
"FR79909790790
STREET OF HEROES
CENTRAL BUSINESS PARK
/FRANCE/PARIS",FR,PARIS
"MOHAMMED ALI
SHEIHK JORDAN ROAD
JEDDAH K.S.A.
ID 12345678",SA,JEDDAH
"MOHAMMED ALI
SHEIHK JORDAN ROAD
JEDDAH K.S.A.
ID:12345678",SA,JEDDAH
"MOHAMMED ALI
SHEIHK JORDAN ROAD
JEDDAH KSA
ID:12345678",SA,JEDDAH
"MOHAMMED ALI
SHEIHK JORDAN ROAD
JEDDAH KSA
NO:12345678",SA,JEDDAH
"NAPOLEON BONAPARTE
MINISTERE DE LA DEFENSE
60 bd. du général Martial Valin
CS 21623 75509 PARIS Cedex 15",NO COUNTRY,PARIS
"NAPOLEON BONAPARTE
MINISTERE DE LA DEFENSE
CS 21623 75509 PARIS Cedex 15
NO:58768465468",NO COUNTRY,PARIS
"NAPOLEON BONAPARTE
MINISTERE DE LA DEFENSE
CS 21623 75509 PARIS Cedex 15
NO 58768465468",NO COUNTRY,PARIS
"NAPOLEON BONAPARTE
MINISTERE DE LA DEFENSE
CS 21623 75509 PARIS Cedex 15
NB. 58768465468",NO COUNTRY,PARIS
"NAPOLEON BONAPARTE
MINISTERE DE LA DEFENSE
CS 21623 75509 PARIS Cedex 15
NB 587 684 654 68",NO COUNTRY,PARIS
"NAPOLEON BONAPARTE
SOCIETY FOR CREATIVE ANACHRONISM
FRANCE
ID: 1234567890
DOB: 15/08/1769 POB: FRANCE",FR,NO TOWN
"JULIUS CAESAR
SOCIETY FOR CREATIVE ANACHRONISM
ITALY
ID: 1234567890
DOB: 13/07/100BC POB: ITALY",IT,NO TOWN
"JULIUS CAESAR
SOCIETY FOR CREATIVE ANACHRONISM
IT
ID: 1234567890
DOB: 13/07/100BC POB: IT",IT,NO TOWN
"JULIUS CAESAR
SOCIETY FOR CREATIVE ANACHRONISM
ROME IT
ID: 1234567890
DOB: 13/07/100BC POB: IT",IT,ROME
"JULIUS CAESAR
SOCIETY FOR CREATIVE ANACHRONISM
LONDON UNITED KINGDOM
ID: 1234567890
DOB: 13/07/100BC POB: ITALY",GB,LONDON
"JULIUS CAESAR
SOCIETY FOR CREATIVE ANACHRONISM
LONDON
ID: 1234567890
DOB: 13/07/100BC POB: ITALY",GB,LONDON
"MARK ANTONY
BAKER STREET 14
W4563 LONDON (GB)",GB,LONDON
"NATIONAL SOCIETY
NEAR THE AIRPORT
 PARIS (FR)",FR,PARIS
"NATIONAL SOCIETY
NEAR THE AIRPORT
PARIS (FR)",FR,PARIS
"NATIONAL SOCIETY
NEAR THE AIRPORT
 BERLIN (DE)",DE,BERLIN
"NATIONAL SOCIETY
NEAR THE AIRPORT
BERLIN (DE)",DE,BERLIN
"NATIONAL SOCIETY
NEAR THE AIRPORT
34789 PARIS (FR)",FR,PARIS
"NATIONAL SOCIETY
NEAR THE AIRPORT
 48907 PARIS (FR)",FR,PARIS
"NATIONAL SOCIETY
NEAR THE AIRPORT
6543 BERLIN (DE)",DE,BERLIN
"NATIONAL SOCIETY
NEAR THE AIRPORT
 5890 BERLIN (DE)",DE,BERLIN
"MARK ANTONY
CLEOPATRA ROAD
MINISTRY OF FINANCE
ALEXANDRIA EGYPT",EG,ALEXANDRIA
"MARK ANTONY
CLEOPATRA ROAD
MINISTRY OF ECONOMICS
ALEXANDRIA EGYPT",EG,ALEXANDRIA
"MARK ANTONY
CLEOPATRA ROAD
DEFENDER OF ROME
ALEXANDRIA EGYPT",EG,ALEXANDRIA
"MARK ANTONY
MINISTRY OF FINANCE
CLEOPATRA ROAD
ALEXANDRIA EGYPT",EG,ALEXANDRIA
"SOBIESKI
LONDON UL. 3M 110
87-306 TORUN POLAND",PL,TORUN
"JOSEPH PONIATOWSKI
CICHA ULICA 132 M 16
62-200 GNIEZNO",NO COUNTRY,GNIEZNO
"JOSEPH PONIATOWSKI
FR UL. 132 M 16
62-200 GNIEZNO",NO COUNTRY,GNIEZNO
"""JOSEPH PONIATOWSKI
ID UL. 132 M 16
62-200 GNIEZNO""",NO COUNTRY,GNIEZNO
"SOBIESKI
ULICE LIPOWA 3M 110
87-306 TORUN",NO COUNTRY,TORUN
"JOSEPH PONIATOWSKI
CICHA ULICA 132 M 16
62-200 GNIEZNO POLAND",PL,GNIEZNO
"SOBIESKI
ULICE LIPOWA 3M 110
87-306 TORUN POLAND",PL,TORUN
"SOBIESKI
UL. LIPOWA 3M 110
87-306 TORUN POLAND",PL,TORUN
"SOBIESKI
LIPOWA UL. 3M 110
87-306 TORUN POLAND",PL,TORUN
"MR DANIEL IZUCHWU NWYOBE
8 UNIMPORTANT STREET
ILASSAN LEKKI, LAGOS 105102
NIGERIA",NG,LAGOS
"MR DANIEL IZUCHWU NWYOBE
8 UNIMPORTANT STREET
ILASSAN LEKKI, LAGOS 105102 NIGERIA",NG,LAGOS
"MR DANIEL IZUCHWU NWYOBE
8 UNIMPORTANT STREET
ILASSAN LEKKI, LAGOS 105102/NIGERIA",NG,LAGOS
"CN79FUOO0141458085101473225
ELIZA MIELCARZ
CHICAGO ILLINOIS USA",US,CHICAGO
"CN79FUOO0141458085101473225
ELIZA MIELCARZ
CHICAGO USA",US,CHICAGO
"US79FUOO0141458085101473225
CHICAGO UNITED STATES",US,CHICAGO
"US79FUOO0141458085101473225
CHICAGO ILLINOIS USA",US,CHICAGO
"US79FUOO014145101425
DENVER UNITED STATES",US,DENVER
"BE79FUOO014145101425
BRUSSELS BE",BE,BRUSSELS
"BE79FUOO014145101425
BRUSSELS BELGIUM",BE,BRUSSELS
"JOHN WILLIAMS
BRUSSELS BELGIUM",BE,BRUSSELS
"BE898634896009890907
JOHN WILLIAMS
BRUSSELS BELGIUM",BE,BRUSSELS
"FRANKENSTEIN SARL
BRUSSELS BELGIUM",BE,BRUSSELS
"John Smith
1234 Elm St, Apt 5B
Los Angeles, CA 90001
USA",US,LOS ANGELES
"Sarah Johnson
221B Baker Street
London
W1 6XE
United Kingdom",GB,LONDON
"Taro Yamada
Shibuya 1-2-3
Shibuya-ku, Tokyo
150-0002
Japan",JP,TOKYO
"Carlos Silva
Rua das Flores, 123
Centro
Sao Paulo, SP
Brazil",BR,SAO PAULO
"Carlos Silva
Rua das Flores, 123
Centro
Sao Paulo, SP",NO COUNTRY,SAO PAULO
"Rajesh Kumar
Flat 301, 4th Floor, Lotus Tower
MG Road, Bangalore
Karnataka - 560001
India",IN,BANGALORE
"Rajesh Kumar
Flat 301, 4th Floor, Lotus Tower
MG Road, Bangalore
Karnataka - 560001",IN,BANGALORE
"Alejandra González
Avenida Reforma 210
Colonia Juárez
Mexico City, CDMX
Mexico",MX,MEXICO CITY
"Li Wei
No. 88, Xinhua Road
Chaoyang District
Beijing, 100000
China",CN,CHAOYANG
"Ahmed Ali
123 El-Mahdi Street
Zamalek, Cairo
Egypt",EG,CAIRO
"NAPOLEON BONAPARTE
5 ELM STREET 4556
MARSEILLE FRANCE",FR,MARSEILLE
"SARAH JOHNSON
221B BAKER STREET LONDON NW1
ENGLAND",NO COUNTRY,LONDON
"TARO YAMADA
SHIBUYA 1-2-3 TOKYO
1500002 JAPAN
",JP,TOKYO
"TARO YAMADA
SHIBUYA 1-2-3 TOKYO
1500002 JAPAN",JP,TOKYO
"MICHAEL BROWN
456 MAPLE AVE SUITE 3
VANCOUVER BC V5T1K4
CANADA",CA,VANCOUVER
"EMILY WHITE
25 BEACH RD
BONDI BEACH NSW 2026
AUSTRALIA",AU,BONDI BEACH
"DIEGO MARADONA
CALLE FIGUEROA ALCORTA 1536
BUENOS AIRES
ARGENTINA",AR,BUENOS AIRES
"IRINA PETROVNA
LENINSKIY PROSPEKT 15
MOSCOW 119991
RUSSIA",RU,MOSCOW
"LI WEI
NO 88 XINHUA ROAD
CHAOYANG DISTRICT BEIJING 100000
CHINA",CN,CHAOYANG
"IBAN: GB29 NWBK 6016 1331 9268 19
SARAH JOHNSON
221B BAKER STREET
LONDON NW1 ENGLAND
ZIP CODE - ????",NO COUNTRY,LONDON
"TARO YAMADA
SHIBUYA 1-2-3
TOKYO 1500002
JAPAN
NO STREET? IDK",JP,TOKYO
"TARO YAMADA
SHIBUYA 1-2-3
TOKYO 1500002
JAPAN
NO STREET? ID",JP,TOKYO
"BR6988998384689
CARLOS SILVA
CENTRO SAO PAULO SP
RUA DAS FLORES 123 (or somewhere?)
BRAZIL
WTH???",BR,SAO PAULO
"MICHAEL BROWN
456 MAPLE AVE SUITE 3
VANCOUVER BC V5T1K4
CANADA (somewhere downtown??)",CA,VANCOUVER
"ZANELE NKOSI
15 MAIN STREET near the mall
JOHANNESBURG 2000
SOUTH AFRICA stock exchange",ZA,JOHANNESBURG
"DIEGO MARADONA
CALLE FIGUEROA ALCORTA 1536
BUENOS AIRES
ARGENTINA
Halfway down the street?",AR,BUENOS AIRES
"SE24 1234 5678 9101 1121 3141 5161
ANNA LARSSON
STOCKHOLM
VÄSTERLÅNGGATAN 21
SWEDEN (near Gamla Stan)",SE,STOCKHOLM
"JIN AH LEE
SEOUL 04534
GANGNAM 123-45
SOUTH KOREA (by the subway station)",KR,SEOUL
"JIN AH LEE
SEOUL 04534
GANGNAM 123-45
SOUTH KOREA",KR,SEOUL
"FR897099706489638
GABRIELO DE NAPOLI CALLE 43
LAS HERAS 1784 RIO NEGRO
VIEDMA ARGENTINA",AR,VIEDMA
"GABRIELO DE NAPOLI
LAS HERAS 1784 VIEDMA
RIO NEGRO ARGENTINA",AR,VIEDMA
"GABRIELO DE NAPOLI
LAS HERAS VIEDMA
RIO NEGRO ARGENTINA",AR,VIEDMA
"BARTOLOME MITRE 816
B1858BJQ GUERNICA
ARGENTINA",AR,GUERNICA
"CIDUAD DE LAS ARTES
AV DEL PROFESSOR PINERO, 7
46013 VALENCIA
SPAIN",ES,VALENCIA
"CIDUAD DE LAS ARTES
AV DEL PROFESSOR PINERO, 7
46013 VALENCIA
REPUBLIC OF SPAIN",ES,VALENCIA
"CIDUAD DE LAS ARTES
AV. DEL PROFESSOR PINERO, 7
46013 VALENCIA
SPAIN",ES,VALENCIA
"CIDUAD DE LAS ARTES
AVENIDA DEL PROFESSOR PINERO, 7
46013 VALENCIA
SPAIN",ES,VALENCIA
"CIDUAD DE LAS ARTES
AVENIDA DEL PROFESSOR PINERO, 7
VALENCIA
SPAIN",ES,VALENCIA
"EDGARD IMPORT EXPORT
PO BOX 108879
890990 PHILADELPHIA PA
UNITED STATES
FROM ALBANY INCORPORATED",US,PHILADELPHIA
"EDGARD IMPORT EXPORT
PO BOX 108879
890990 PHILADELPHIA PA
UNITED STATES",US,PHILADELPHIA
"EDGARD IMPORT EXPORT
PO BOX 108879
890990 PHILADELPHIA PA
UNITED STATES
NO.97979",US,PHILADELPHIA
"EDGARD IMPORT EXPORT
PO BOX 108879
890990 PHILADELPHIA PA
UNITED STATES
NOTHING INTERESTING",US,PHILADELPHIA
"EDGARD IMPORT EXPORT
PO BOX 108879
890990 PHILADELPHIA PENNSYLVANIA
UNITED STATES
NOTHING INTERESTING",US,PHILADELPHIA
"EDGARD IMPORT EXPORT
PO BOX 108879
890990 PHILADEPHIA PENNSYLVANIA
UNITED STATES OF AMERICA",US,PHILADELPHIA
"ZHANG JUN
JIANGUOMENWAY DAJIE 1 HAO
10004 BEIJING
CHINA",CN,BEIJING
"ZHANG JUN
JIANGUOMENWAY DAJIE 1 HAO
GUANGZHOU GUANGDONG
CHINA",CN,GUANGZHOU
"ZHANG JUN
JIANGUOMENWAY DAJIE 1 HAO
GUANGZHOU
GUANGDONG",CN,GUANGZHOU
"SUN FEI
SHUANGHE DAJIE 5 HAO, KAIFAQU
SHUNYI QU
101320 BEIJING
CHINA",CN,BEIJING
"/89007
DONALD DUCK
APPARTMENT 14 100 GOLDENPARIS DRIVE 
PHILADELPHIA PENNSYLVANIA U.S.A.",US,PHILADELPHIA
"/89007
DONALD DUCK
100 GOLDENPARIS DRIVE, APPARTMENT 14
PHILADELPHIA PENNSYLVANIA U.S.A.",US,PHILADELPHIA
"/89007
DONALD DUCK
100 GOLDENPARIS DRIVE, APPARTMENT 14
 PHILADELPHIA PENNSYLVANIA U.S.A.",US,PHILADELPHIA
"/89007
DONALD DUCK
100 GOLDENPARIS DRIVE, APPARTMENT 14
 PHILADELPHIA PENNSYLVANIA USA.",US,PHILADELPHIA
"/89007
DONALD DUCK
100 GOLDENPARIS DRIVE, APPARTMENT 14
PHILADELPHIA USA",US,PHILADELPHIA
"IBAN:US4410012345789054329876321
EMBASSY OF GERMANY
6th Floor, Office 22
777 NO98877 STREET
Chicago, IL 60601, USA",US,CHICAGO
"/89007
DONALD DUCK
100 GOLDENPARIS STREET APPARTMENT 14
DONALDVILLE UNITED STATES OF AMERICA",US,DONALDVILLE
"/89007
DONALD DUCK
100 GOLDENPARIS ST. APPARTMENT 14
DONALDVILLE UNITED STATES OF AMERICA",US,DONALDVILLE
"/89007
DONALD DUCK
100 GOLDENPARIS DRIVE APPARTMENT 14
DONALDVILLE UNITED STATES OF AMERICA",US,DONALDVILLE
"/89007
DONALD DUCK
100 GOLDENPARIS ST.
DONALDVILLE UNITED STATES OF AMERICA",US,DONALDVILLE
"/89007
DONALD DUCK
100 GOLDENPARIS ST.
 W.13349 DONALDVILLE UNITED STATES OF AMERICA",US,DONALDVILLE
"/89007
DONALD DUCK
100 GOLDENPARIS STREET
DONALDVILLE UNITED STATES OF AMERICA",US,DONALDVILLE
"GB29HSBC123456789012345678
Suite 207, Green Park
9 OXFORD ROAD
Oxford, OX1 2JD, UK",GB,OXFORD
"999 VIA DEGLI STADI
No. 98877, Milano, Italy
Office 302",IT,MILANO
"MARIO GRAZIANO
999 VIA DEGLI STADI
Milano, Italy
No.98877",IT,MILANO
"FR8098639678678633
CHARLES-HENRI BOYER 13
 VILLENEUVE RUE D'ARLES'
13845 MARTIGUES FRANCE",FR,MARTIGUES
"FR8098639678678633
CHARLES-HENRI BOYER 13
 VILLENEUVE RUE D'ARLES
13845 MARTIGUES FRANCE",FR,MARTIGUES
"FR8098639678678633
CHARLES-HENRI BOYER 13
 VILLENEUVE RUE DE ARLES
13845 MARTIGUES FRANCE",FR,MARTIGUES
"FR8098639678678633
CHARLES-HENRI BOYER 13
 RUE DE PARIS MARTIGUES FRANCE",FR,MARTIGUES
"FR8098639678678633
ALURYS INFORMATIQUE ACCOUNT 13780
RUE CHADEPAU
FRANCE MARSEILLE 13001",FR,MARSEILLE
"PAVEL ZELESNSKY
 14 KOALITSKYA UB.
W.400. KYIV UKRAINE",UA,KYIV
"PAVEL ZELESNSKY
 14 KOALITSKYA UB
W.400. KYIV UKRAINE",UA,KYIV
"PAVEL ZELESNSKY
 14 KOALITSKYA ST.
W.400. KYIV UKRAINE",UA,KYIV
"PAVEL ZELESNSKY
 14 KOALITSKYA STREET.
W.400. KYIV UKRAINE",UA,KYIV
"PAVEL ZELESNSKY
 14 KOALITSKYA STREET.
W.400. KYIV UKRAINE
NB.86768934",UA,KYIV
"PAVEL ZELESNSKY
 14 KOALITSKYA STREET.
W.400. KYIV UKRAINE
NO:86768934",UA,KYIV
"HARVEY COVES
HOUSE 2 14 BAKER ST.
0544 PHILADELPHIA PA US",US,PHILADELPHIA
"HARVEY COVES
14 BAKER ST.
0544 PHILADELPHIA PA US",US,PHILADELPHIA
"HARVEY COVES
14 BAKER STREET.
 PHILADELPHIA USA.",US,PHILADELPHIA
"HARVEY COVES
HOUSE 2. 14 BAKER UL.
 PHILADELPHIA PA US",US,PHILADELPHIA
"HARVEY COVES
LONDON ECONOMIC INDUSTRIAL AREA
 UNITED KINGDOM",GB,LONDON
"LONDON ECONOMIC INDUSTRIAL AREA
UNITED KINGDOM",GB,LONDON
"HARVEY COVES
SEATTLE PORT AREA
ID:15486854",US,SEATTLE
"HARVEY COVES
PORT AREA OF LONDON
 UNITED KINGDOM",GB,LONDON
"926743772541
GONZALEZ, VILLAMIZARA ND VARGAS",NO COUNTRY,NO TOWN
"926743772541
GONZALEZ GARCIA",NO COUNTRY,NO TOWN
"AE22UAHJ6155430979597224
LMHNDS NZR 'SHJ`
MUSSAFAH COMPLEX, EDIF. 02123 381 W
TM KINSHASA RD CONGO",CD,KINSHASA
"AE22UAHJ6155430979597224
MISTER ABDULLAH KAMANDARAN
MUSSAFAH COMPLEX, EDIF. 02123 381 W
TM KINSHASA DR CONGO",CD,KINSHASA
"AE22UAHJ6155430979597224
MISTER ABDULLAH KAMANDARAN
MUSSAFAH COMPLEX, EDIF. 02123 381 W
BRAZZAVILLE",NO COUNTRY,BRAZZAVILLE
"466858039
TRAUDL JOPICH
HAUPTSTRASSE,HAUPTSTRASSE
WEIL,GERMANY",DE,WEIL
"MY90YVIL74598260732487
PAULINE-MARGARET LACROIX EVRARD
0471KENGE
KINSASA,BUEA,CD
11097",CD,KINSASA
"943994333
ETIENNE REMY-FERNANDES
48
RUE LAMARCK
PANAME FR",FR,PANAME
"861939342491XDJ
GERALDINE SUTTON
MR HUGH SPENCER HILL
DODOMA DODOMA TZ
TZ",TZ,DODOMA
"/1234
BAZIN CHEMIN DE BOYER 
74465 MONASTIR TN 
INCOME ACCOUNT GROSS FR5444107968265673320951292",TN,MONASTIR
"/1234
KONINKLIJKE 0 LANASTEEG 3892 LF NL 5G",NL,NO TOWN
"/1234
MCCARTHY-HINES VILLANUEVA VIADUCT 62526 CARLSONSIDE AS ON INCOME ALL PAYMENT",NO COUNTRY,NO TOWN
"/1234
MCCARTHY-HINES VILLANUEVA VIADUCT
62526 CARLSONSIDE AS
ON INCOME ALL PAYMENT",NO COUNTRY,NO TOWN
"/1234
ECKHARDT 165 LYNNBAAN 4456 SG ROTTERDAM  NL
FUNDS PLAY MINUTE",NL,ROTTERDAM
"/1234
ECKHARDT 165 LYNNBAAN
4456 SG ROTTERDAM  NL",NL,ROTTERDAM
GB79869837022374789 EMPEROR SIGISMUND OF HUNGARY,NO COUNTRY,NO TOWN
FR67800873483899097 NAPOLEON BONAPARTE,NO COUNTRY,NO TOWN
"/9999
NAPOLEON BONAPARTE 13 LONDON STREET
FRENCH REPUBLIC PARIS",FR,PARIS
"/9999
NAPOLEON BONAPARTE
13 LONDON STREET
FRENCH REPUBLIC PARIS",FR,PARIS
"/9999
NAPOLEON BONAPARTE
13 LONDON STREET
PARIS FRANCE",FR,PARIS
"NE76893848965665674
BANK OF NETHERLANDS 13 UNKNOWN STREET
FRENCH REPUBLIC PARIS",FR,PARIS
"FR76893848965665674
NAPOLEON BONAPARTE 13 UNKNOWN STREET
56642 FRENCH REPUBLIC PARIS",FR,PARIS
"FR76893848965665674
NAPOLEON BONAPARTE 13 UNKNOWN STREET
56642  PARIS FRENCH REPUBLIC",FR,PARIS
"FR76893848965665674
NAPOLEON BONAPARTE 13 UNKNOWN STREET
56642 PARIS FRANCE",FR,PARIS
"/4444
NAPOLEON BONAPARTE 14 REBECCA STREET SARL ACCOUNT
12345 FRENCH REPUBLIC PARIS",FR,PARIS
"4444
NAPOLEON BONAPARTE SARL ACCOUNT
12345 FRENCH REPUBLIC PARIS",FR,PARIS
"/3445
JESUS CHRIST SON OF MARY
14 JAPAN STREET ACCOUNTING EXPERT
ALBANY UNITED STATES USA",US,ALBANY
"/9999
PARIS HILTON 677866 LONDON UNITED KINGDOM",GB,LONDON
"/1234
NICHOLS-ROSALES HARVEY COVES 0544 PAGO PAGO AMERICAN SAMOA",AS,PAGO PAGO
"/1234
PAREDES-ARMENDARIZ ANTONIO
A BUSINESSMAN DOING BUSINESS",NO COUNTRY,NO TOWN
"/1234
PAREDES-ARMENDARIZ CARRERA 33 5-3 271141 PIEDECUESTA COLOMBIA",CO,PIEDECUESTA
"/1234
TERESA MAY CHIEF ACCOUNTANT BANK NOWHERE IN PARTICULAR",NO COUNTRY,NO TOWN
"/888
1/CASSANDRA
2/6 CHEMIN DE BOYER 8965
3/TN/CARTHAGE",TN,CARTHAGE
"/666
1/CASSANDRA PROPHET
2/6 TEMPLE HALL 8965
3/GR/DELPHI",GR,DELPHI
"/1183
RODRIGUEZ RUE DE LAUNAY PLACE 43 
659099 LELYSTAD NETHERLANDS",NL,LELYSTAD
"/1234
NAPOLEON BONAPARTE 1444 RUE DE REBECCA 855441 WATERLOO BELGIUM FR46555 ACCOUNT ID BANK OF THE FRENCH REPUBLIC",BE,WATERLOO
"/1554
NAPOLEON BONAPARTE 14 BAKER STREET
85541 WATERLOO BELGIUM
ACCOUNT NUMBER FR4655589621",BE,WATERLOO
"/1554
NAPOLEON BONAPARTE 14 AMERICAN SAMOA
855441 WATERLOO BELGIUM
ACCOUNT NUMBER FR4655589621",BE,WATERLOO
"BANK OF NETHERLANDS
14 BAKER STREET
13340 PILSEN CZECH REPUBLIC",CZ,PILSEN
"849672474479FYW
DR DAMIEN FRASER
ELEANOR PATEL SUTTON
CANBERRA  CANBERRA  AU
AU",AU,CANBERRA
"507143146619XMT
BEREND VAN KUSEN
VALENTIJN TINS-GROEN
ROTT%ERDAM ROTTERDAM HOLLAND
NL",NL,ROTTERDAM
"74331540885033
GOMES LEMONNIER S.A.S.
HIC MINUS 

95360  MONTMAGNY  
 
FRANCE",FR,MONTMAGNY
"956994782445
MARCEL-STEPHANE ADAM PERROT BOURDON

PLAIRE REPONSE 40 RUE DES SAULES,

FR",FR,NO TOWN
"71977000159
DANIEL MASON HUNT
0374 OXON RUN PLACE,20746-8001/USA",US,NO TOWN
"0600786319
MS MARILYN FOSTER
3 LONGFELLOW DRIVE,CM13 2RX/GB",GB,NO TOWN
"2562
META BAHR WOCHE WHEREIN FEDERAL REP
UBLIC OF GERMANY., LTD.
.",DE,NO TOWN
"4582
JOHANNES VAN DEN BRINK PRINS
JOUW. SCHOUDER GROEP GMGGNLQ9KPP-DH
MNNL1V ZIJ-
4141CB LEERDAM HZMDNL7Z",NO COUNTRY,LEERDAM
"NAZ GSM
SAN. SEHREBAN ALEMDAR 6820
ALTAY MAHALLESI 07086 TURKIYE",TR,ALTAY
"TR081616190179985556390821
DOLOREDR. SAVKI YURDANUR HANCER
6680 ISTANBUL
TR
TURKEY",TR,ISTANBUL
"DE89176132466071324501
DIPL.-ING. ARIBERT KRUSCHWITZ B.SC.
 DICH
ANFANGEN 5800
14669 KETZIN/HAVEL",DE,KETZIN
"14368134
CHARLES-JEROME PASQUIER
SPA:179462",NO COUNTRY,NO TOWN
"EG58XZRG356697837609
L`SLY, BNW S`D BN LYTH BN BKR AND B
NW LM
23 NAKHIL STREET
GIZA",NO COUNTRY,GIZA
"EG58XZRG356697837609
NAPOLEON BONAPARTE
13 BAKER STREET
WATERLOO UNITED KINGDOM KW67991
ACCOUNTING BANK ACCOUNT",GB,WATERLOO
"FR76893848965665674
NAPOLEON BONAPARTE 13 UNKNOWN STREET
56642 FRENCH REPUBLIC PARIS",FR,PARIS
"FR76893848965665674
NAPOLEON BONAPARTE 13 RUE INCONNUE
56642 FRENCH REPUBLIC PARIS",FR,PARIS
"71977000159
DANIEL MASON HUNT
0374 OXON RUN STREET,20746-8001/USA",US,NO TOWN
"71977000159
DANIEL MASON HUNT
0374 OXON RUN PLACE,20746-8001/USA",US,NO TOWN
"71977000159
DANIEL MASON HUNT
0374 UNITED STATES ALBANY",US,ALBANY
"71977000159
DANIEL MASON HUNT
0374 ALBANY NEW YORK STATE",US,ALBANY
"71977000159
DANIEL MASON HUNT
0374 ALBANY NEW YORK",US,ALBANY
"71977000159
DANIEL MASON HUNT
0374 ALBANY NY",US,ALBANY
"FR76893848965665674
NAPOLEON BONAPARTE 13 RUE INCONNUE
FRENCH REPUBLIC PARIS",FR,PARIS
"FR76893848965665674
NAPOLEON BONAPARTE 13 RUE INCONNUE
FRENCH REPUBLIC PARIS
",FR,PARIS
"FR76893848965665674
NAPOLEON BONAPARTE 13 RUE INCONNUE
FRENCH REPUBLIC PARIS


",FR,PARIS
"FR76893848965665674
NAPOLEON BONAPARTE 13 RUE INCONNUE
PARIS FRENCH REPUBLIC


",FR,PARIS
"FR76893848965665674
NAPOLEON BONAPARTE 13 RUE INCONNUE
13340 PARIS FRENCH REPUBLIC


",FR,PARIS
"FR76893848965665674
NAPOLEON BONAPARTE 13 RUE INCONNUE
FRENCH REPUBLIC PARIS
SOL:8777679",FR,PARIS
"ZA01NVII494324106529
BLONK & VISSER
5 VRYGROND AVENUE
GUAIMACA",NO COUNTRY,GUAIMACA
"HN01NVII494324106529
BLONK & VISSER
GUAIMACA
5 VRYGROND AVENUE
",NO COUNTRY,GUAIMACA
"HN01NVII494324106529
BLONK & VISSER
5 VRYGROND AVENUE
",HN,NO TOWN
"BLONK & VISSER
5 VRYGROND AVENUE",NO COUNTRY,NO TOWN
"/1234 TERESA MAYHEM ACCOUNTING
13 W.44 PORTAIL DEPARIS
 FRANCE LYON",FR,LYON
"/1234 TERESA MAYHEM ACCOUNTING
13 W.44 PORTAIL DEPARIS
 FRANCE LYON

 INSPECTION GENERALE IMPOTS",FR,LYON
"/1234
EMBASSY OF SWEDEN
7889 W.44 ALBANY NY UNITED STATES",US,ALBANY
"/1234
SWDEN IMPORT-EXPORT
7889 W.44 PHILADELPHIA PA UNITED STATES
ALBANY INCORPORATED",US,PHILADELPHIA
"/1234
SWEDEN IMPORT-EXPORT
7889 W.44 PHILADELPHIA PA UNITED STATES
ALBANY INCORPORATED",US,PHILADELPHIA
"/1234
SWEDEN IMPORT-EXPORT
7889 W.44 PHILADELPHIA PA
ALBANY INCORPORATED",US,PHILADELPHIA
"/1234
SWEDEN IMPORT-EXPORT
7889 W.44 PHILADELPHIA UNITED STATES
ALBANY INCORPORATED",US,PHILADELPHIA
"/1234
SWEDEN IMPORT-EXPORT
7889 PHILADELPHIA UNITED STATES
ALBANY INCORPORATED",US,PHILADELPHIA
"/DE82AVHF3466199801312593000
1/CARLA GIRSCHNER
3/DE/HINTER WELT/ER SITZEN/15910",DE,"HINTER WELT, ER SITZEN"
"CH81SYII76710080297804
LAURENCE BEUCHAT ROSSELLAT, NATUS S
USCIPIT BLANDITIIS 48 MONTAGNE DU D
ROIT 2825 BASEL CH",CH,BASEL
"9195082181363
PAN MAURYCY GOIK GIERAT
81/68 WAIGANI DRIVE WAIGANI DRIVE P
APUA NIU GINI",PG,WAIGANI DRIVE
"FR10AOYF1110662831340822453
MICHELE DU ROUX
RUE AUDEMARS, 94
78530 BUC - BUC
FR",FR,BUC
"MK65DIPC11978687630597
SIMINA VOINEA STANCU DIMA
NR. 51 AVDURRAHIM SHEHU SIT FACERE
KACANIK
MK",MK,KACANIK
"1158359777
GAICIUNAS JONAS
PETESA PETESA
VILNIUS,LT",LT,VILNIUS
"56728746628512
RAYMOND JACOT-DESCOMBES AMMANN
HUBEL 273 EA NISI A
/CH/A, A, CH",CH,NO TOWN
"CN79FUOO0141458085101473225
ELIZA MIELCARZ
CHICAGO ILLINOIS UNITED STATES",US,CHICAGO
"CN79FUOO0141458085101473225
ELIZA MIELCARZ
NAPOLEON BONAPARTE",NO COUNTRY,NO TOWN
"CN79FUOO0141458085101473225
ELIZA MIELCARZ
BERLIN GERMANY",DE,BERLIN
"DE79FUOO0141458085101473225
ELIZA MIELCARZ
13 HABSBURG STREET
BERLIN GERMANY",DE,BERLIN
"CN79FUOO0141458085101473225
ELIZA MIELCARZ
JUN  WANG  MO",NO COUNTRY,NO TOWN
"CN79FUOO0141458085101473225
ELIZA MIELCARZ
JUN WANG MO",NO COUNTRY,NO TOWN
"CN79FUOO0141458085101473225
ELIZA MIELCARZ
JUN WANG MO DAH",NO COUNTRY,NO TOWN
"US79FUOO0141458085101473225
ELIZA MIELCARZ
CHICAGO ILLINOIS",US,CHICAGO
"81818922038198
CV KUSWANDARI ANGGRAINI",NO COUNTRY,NO TOWN
"41540390452805589769
ZHZ3.PVY3
SMITH, CHAN AND EDWARDS",NO COUNTRY,NO TOWN
"77632527144
DR MARC THORPE
3
NAIROBI,NAIROBI 100 KE",KE,NAIROBI
"US-3547046
FELICIA LOPEZ WARNER SMITH
912 FLETCHER STREET
US-MCLEAN, 22182",US,MCLEAN
"SG35FXBC44407104032612355
SAFINA DAMANIK
CLUB STREET
9901 CINGKPPUUR :XIN JIA PO 
ORIENTAL REPUBLIC OF URUGUAY/XIN JI
A PO",SG,CINGKPPUUR
"CN21JMPC938228164898299
YUE RUI  CHEN 
ZHONG SHAN SHI  CN",CN,ZHONG SHAN 
"55757422
NOELLE VAN BRUCHEM HUIGENDIJK URSEM
 1645VK",NO COUNTRY,NO TOWN
"01779661
VALENTIN S.A.R.L.
RUE SENOUQUE
BUC
CITY OF GEORGETOWN WASHINGTON DC",US,GEORGETOWN
"99763909772290879448
1/CHAMBERLAIN
2/9 CRASTER ROAD
3/ZW/BEREA",ZW,BEREA
"US-001388
JEFFREY HUNTER HUDSON
HAND PUT, 55574 LARGO ROAD
LARGO, 20774",US,LARGO
"US-001388
JEFFREY HUNTER HUDSON
HAND PUT, 55574 LARGO ROAD
LARGO, 20774",US,LARGO
"01779661
VALENTIN S.A.R.L.
14 RUE SENOUQUE
CHEMIN OF PARIS TN
CITY OF MARSEILLE FR",FR,MARSEILLE
"01779661
VALENTIN S.A.R.L.
14 RUE SENOUQUE
CHEMIN DE PARIS
CITY OF MARSEILLE FR",FR,MARSEILLE
"01779661
VALENTIN S.A.R.L.
14 CHEMIN DE PARIS
MARSEILLE FR",FR,MARSEILLE
"6288
CLOSE NEW BACK ACCOUNT
20120-9997,JOANNA SOTO USA FOUR 2012
0-9997
CENTREVILLE,WEST RYAN,20121
OTHER",US,CENTREVILLE
"6288
CLOSE NEW BACK ACCOUNT
20120-9997,JOANNA SOTO USA FOUR 2012
0-9997
CENTREVILLE,WEST RYAN,20121
UNITED STATES OF AMERICAN
OTHER",US,CENTREVILLE
"TONG XING MO DIAN KE JI YOU XIAN GON
G SI 
YI SHANG  ZI JI  CHUAN MEI YOU XIAN
 GONG SI NAN ZHU JIE 
MANZINI 519000 ZHONGHUA",CN,MANZINI
"LANCH
DARAUF GBR GUNTRAM WEINHOLD BEYON
D
SICHER 2432
ORNAINEBURG 16515 BDARDE7721Y",NO COUNTRY,ORANIENBURG
"LANCH
DARAUF GBR GUNTRAM WEINHOLD BEYON
D
SICHER 2432
ORNAINEBURG GERMANY BDARDE7721Y",DE,ORANIENBURG
"LANCH
DARAUF GBR GUNTRAM WEINHOLD BEYON
D
SICHER 2432
ORNAINEBURG DE",DE,ORANIENBURG
"GB39DBSM83228184600856
REM.CULPA.MRS. CLAIRE DROMA. MINIMA
 PLACEAT QUIBUSDAM 
HIM 
YAOUNDE NON K78 X072 
K78 X3P0 LUCAN REPUBLIC OF IRELAND",IE,YAOUNDE
"GB39DBSM83228184600856
REM.CULPA.MRS. CLAIRE DROMA.
 PLACEAT QUIBUSDAM 
YAOUNDE K78 X072 REPUBLIC OF IRELAND",IE,YAOUNDE
"9666
INSIDE GEORGINA MOORE HIC   BEST
JODIE COXOL DOINYO LENGAI ROAD, BUR
UBURU,
BURUBURU, J4 1XO
KENYA",KE,BURUBURU
"9666
INSIDE GEORGINA MOORE
JODIE COXOL DOINYO LENGAI ROAD, BUR
UBURU,
BURUBURU, J4 1XO
KENYA",KE,BURUBURU
"9666
INSIDE GEORGINA MOORE
JODIE COXOL 123 LENGAI ROAD, BUR
UBURU,
BURUBURU, J4 1XO
KENYA",KE,BURUBURU
"WALSH, FERGUSON AND WHITEHEAD
QUAERAT LLC AMET
SED BIRYANI HOUSE, ENTEBBE, GROUP Z
YMJGBE8, ENTEBBE
REPUBLIC OF UGANDA",UG,ENTEBBE
"GB09SOEJ91339162097138
LAURIE MOORE EMMANUEL GODIN
FUGA 5711CANADA-J0X 3B0 LOCHABER-PA
RTIE-OUEST",CA,LOCHABER
"GB09SOEJ91339162097138
LAURIE MOORE EMMANUEL GODIN
FUGA 5711 CANADA LOCHABER-PARTIE-OUEST",CA,LOCHABER
"8235
SHLVSH` VMRGSHH HOLON STATE OF ISRA
EL `RSHSHP",IL,HOLON
"8235
MARTIN MATIN ACRE STATE OF ISRAEL",IL,ACRE
"6492
DIFFERENT HENRY FERNANDEZ ETIENNE-M
ARTIN BLOUIN
ANIMI 8076 ELIGENDI 800 BYVAT 1538
LA PECHE. 4632 HIC 589 ANIMAL
INVENTORE:CANADA TEL:4916",CA,LA PECHE
"6492
DIFFERENT HENRY FERNANDEZ 
8076 ELIGENDI 800 BYVAT 1538
LA PECHE. 4632HIC589 
CANADA
 TEL:491007989456",CA,LA PECHE
"7014
DIETRICH MISICHER *REZA GIRSCHNER B
.SC. ZUSAMMEN
MADCHEN VERSUS, WIESE, AJBUDE4A,
GERMANY DABENDORF     RC41 8CO
GERMANY",DE,DABENDORF
1448 MATHURA ROAD,NO COUNTRY,NO TOWN
"DE89457179884293431405
MOINS AUTANT HATAUF HISEL
RIRE BOYER-LA-FORET",NO COUNTRY,BOYER-LA-FORET
"COISCEIM CONSULTING. 

PLC POBLACHT NA HEIREANN",IE,NO TOWN
"COISCEIM CONSULTING. 

ROME REPUBLIC OF ITALY IT",IT,ROME
"5605
SIGNIFICANT OFFICIAL",NO COUNTRY,NO TOWN
"AMAZING LIFESTYLE
DR KEITH EVANS GROUP ZKBCGB8XNHP",NO COUNTRY,NO TOWN
"682
VERITATIS PARIATUR
070 MODI ACCRA,
 REPUBLIC OF GHANA",GH,ACCRA
"7937
MISS KERRY HILLIARD QUO
D18 CK74 LEOPARDSTOWN RD
LEOPARDSTOWN                       
   RD",RD,LEOPARDSTOWN
"1604
MAXIME PERSPICIA&IS
80300 DRG. RIKA RAJASA EXPLICABO XV
RSGBR8 80300 GUYANA",GY,NO TOWN
"800
5352/TEMPORE
5915/10147 00CN MIGUEL JOSE REYES N
EMO FROM RECUSANDA3 F9J 10147
8749/R9
4668/REPUBLICA DOMINICANA/PLATO",DO,PLATO
"MZ66IFLG5055642956573106460272
MATILDE BATISTA NETO
S/N FORAL DA MATOLA
MONTERREY INDUSTRIAL AREA
MX",MX,MONTERREY
"MD06DEXG9789051153800965
VICTORIA IONITA DINU STOICA
ULITSA SVERDLOVA. NR. 869, 4517, DZ
ERZHINSKOYE DZERZHINSKOYE
PL",PL,DZERZHINSKOYE
"CO00NCQJ885935914916970301824
DAVID ARTURO MUNOZ
DOB:29-11-1316 POBCO
QID:67150212029
KOLONIA CO",CO,KOLONIA
"020-3324369-806
J. NAGY ISTVAN
38., 45.
EOSTHOKOLY IMRE UTCA, GYURO,
2464, GYURO, GYURO, HUNGARY",HU,GYURO
"60716928
EVA VAN KUIJC-VAN TUIJL
BELHAR
NETHERLANDS",NL,BELHAR
"60716928
EVA VAN KUIJC-VAN TUIJL
BELHAR
NETHERLANDS",NL,BELHAR
"60716928
EVA VAN KUIJC-VAN TUIJL
BELHAR NETHERLANDS",NL,BELHAR
"60716928
EVA VAN KUIJC-VAN TUIJL
BELHARNETHERLANDS",NL,BELHAR
"BANK OF NETHERLANDS
14 LONDON STREET
W4. 56909 PARIS FRENCH REPUBLIC",FR,PARIS
"BANK OF NETHERLANDS
14 RUE DE LA REPUBLIQUE DE LILLE
W4. 56909 PARIS FRENCH REPUBLIC
ALBANIA INCORPORATED",FR,PARIS
"/9086674
BANK OF NETHERLANDS
14 LONDON STREET
W4. 56909 PARIS FR
ALBANIA INCORPORATED",FR,PARIS
"BANK OF NETHERLANDS
14 LONDON STREET
W4. 56909 PARIS FRANCE
NEW YORK INCORPORATED",FR,PARIS
"BANK OF NETHERLANDS
14 LONDON STREET
W4. 56909 PARIS FRANCE
INCORPORATED IN NEW YORK",FR,PARIS
"/123554
BANK OF NETHERLANDS
14 STREET OF BELGIUM
56909 PARIS FRANCE",FR,PARIS
"BANK OF NETHERLANDS
14 BELGIUM STREET
W4. 56909 PARIS FRENCH REPUBLIC",FR,PARIS
"BANK OF NETHERLANDS
14 BELGIUM STREET OF LONDON
GROWN UP LONDON-BASED ACCOUNTING
W4. 56909 PARIS FRENCH REPUBLIC",FR,PARIS
"BANK OF NETHERLANDS
EMBASSY OF ALBANIA INCORPORATED
14 LONDON STREET OF BELGIUM
W4. 56909 PARIS FRENCH REPUBLIC",FR,PARIS
"BANK OF NETHERLANDS
14 BELGIUM STREET OF BRUSSELS
GROWN UP LONDON-BASED ACCOUNTING
W4. 56909 PARIS FRENCH REPUBLIC",FR,PARIS
"BANK OF NETHERLANDS
14 RUE DE LA REPUBLIQUE
GROWN UP BERLIN-BASED ACCOUNTING
W4. 56909 PARIS FRENCH REPUBLIC",FR,PARIS
"BANK OF NETHERLANDS
14. RUE DE LA REPUBLIQUE
GROWN UP BERLIN-BASED ACCOUNTING
W4. 56909 PARIS FRENCH REPUBLIC",FR,PARIS
"BANK OF NETHERLANDS
IMPASSE 1 RUE DE LA REPUBLIQUE 45
GROWN UP BERLIN-BASED ACCOUNTING
W4. 56909 PARIS FRENCH REPUBLIC",FR,PARIS
"BANK OF NETHERLANDS
A BUSINESSMAN DOING BUSINESS
14 RUE DE MARSEILLE
56909 PARIS FRENCH REPUBLIC",FR,PARIS
"/1234 TERESA MAYHEM ACCOUNTING
13 CHEMIN DE PARIS
FRANCE LYON
INSPECTION GENERALE IMPOTS",FR,LYON
"BANK OF NETHERLANDS
14 LONDON STREET
W4. 56909 PARIS FRANCE
ESTABLISHED AROUND NEW YORK",FR,PARIS
"SWEDEN IMPORT-EXPORT
NAPOLEON BONAPARTE
14 RUE DU SUD
13340 WATERLOO BELGIUM
DOING SOMETHING SILLY IN AUSTRIA",BE,WATERLOO
"NAPOLEON BONAPARTE
W40. DRIVE 14 CHEMIN DU GRAND PUITS
DE PARIS
WATERLOO BELGIUM",BE,WATERLOO
"67850477319360602761
AXF8844751006 ZHUM BE ZHU SHA
EST 1860, BEIJING,
BEIJING, HUBEI, CHINA",CN,BEIJING
"/1234
LI XIAOFENG APARTMENT 6
HONGKONG STREET
QINGDAO SHANDONG CHINA",CN,QINGDAO
"/1234
LI XIAOFENG APARTMENT 6
HONGKONG STREET
QINGDAO SHANDONG PRC",CN,QINGDAO
"CN4786546545616
LI XIAOFENG 6 DAJIE
SHANGHAI PRC",CN,SHANGHAI
"/1234
LI XIAOFENG APARTMENT 6
HONGKONG STREET
QINGDAO SHANDONG P.R.C.",CN,QINGDAO
"CN4786546545616
LI XIAOFENG 6 DAJIE
SHANGHAI P.R.C.",CN,SHANGHAI
"CN22UAHJ6155430979597224
LMHNDS NZR 'SHJ`
IMPERIAL COMPLEX, EDIF. 2
CHENGDU SICHUAN",CN,CHENGDU
"CN22UAHJ6155430979597224
LMHNDS NZR 'SHJ`
IMPERIAL COMPLEX, EDIF. 209886
CHENGDU SICHUAN CHINA",CN,CHENGDU
"AE22UAHJ6155430979597224
LMHNDS NZR 'SHJ`
IMPERIAL COMPLEX, EDIF. 209886
CHENGDU, SICHUAN, CN",CN,CHENGDU
"AE22UAHJ6155430979597224
LMHNDS NZR 'SHJ`
IMPERIAL COMPLEX EDIF 20988
CHENGDU, SICHUAN, CN",CN,CHENGDU
"AE22UAHJ6155430979597224
ZHUGE LIANG 'SHJKI'
IMPERIAL COMPLEX EDIF
209886 CHENGDU SICHUAN CHINA",CN,CHENGDU
"AE22UAHJ6155430979597224
ZHUGE LIANG
EDIF.2 IMPERIAL COMPLEX STREET
CHENGDU SICHUAN",CN,CHENGDU
"AE22UAHJ6155430979597224
ZHUGE LIANG
EDIF.2 IMPERIAL COMPLEX STREET
CHENGDU SICHUAN CHINA",CN,CHENGDU
"PANDA RESEARCH BASE
PANDA ROAD 1375
SICHUAN CHENGDU
CHINA",CN,CHENGDU
"PANDA RESEARCH BASE
PANDA ROAD 1375
SICHUAN CHENGDU",CN,CHENGDU
"ES89BWQA260553554514
ZHUM BE ZHU SHA
RED PLACE STREET BEIJING HEIBEI",NO COUNTRY,BEIJING
"ES89BWQA260553554514
ZHUM BE ZHU SHA
RED PLACE STREET BEIJING HEIBEI PRC",CN,BEIJING
"NAPOLEON BONAPARTE
14 REBECCA STREET SARL ACCOUNT
12345 FRENCH REPUBLIC PARIS
NA",FR,PARIS
"4444
NAPOLEON BONAPARTE SARL ACCOUNT
12345 FRENCH REPUBLIC PARIS
NA",FR,PARIS
"/3445
JESUS CHRIST SON OF MARY
14 JAPAN STREET ACCOUNTING EXPERT
ALBANY UNITED STATES USA
NA",US,ALBANY
"/3445
JESUS CHRIST SON OF MARY
14 JAPAN STREET ACCOUNTING EXPERT
ALBANY UNITED STATES U.S.A.
NA",US,ALBANY
"/9999
PARIS HILTON 677866 LONDON UNITED KINGDOM
NA",GB,LONDON
"/1234
NICHOLS-ROSALES HARVEY COVES 0544 EAST TERESABERG AMERICAN SAMOA 
NA",AS,EAST TERESABERG
"/1234
PAREDES-ARMENDARIZ ANTONIO
A BUSINESSMAN DOING BUSINESS
NA",NO COUNTRY,NO TOWN
"/1234
NICHOLS-ROSALES HARVEY COVES
0544 PHILADELPHIA PENNSYLVANIA",US,PHILADELPHIA
"/1234
NICHOLS-ROSALES HARVEY COVES
0544 PHILADELPHIA PENNSYLVANIA USA",US,PHILADELPHIA
"/1234
NICHOLS-ROSALES HARVEY COVES
14 BAKER STREET
0544 PHILADELPHIA PA US",US,PHILADELPHIA
"/1234
NICHOLS-ROSALES HARVEY COVES
14 BAKER STREET
0544 PHILADELPHIA PA US",US,PHILADELPHIA
"/1234
NICHOLS-ROSALES HARVEY COVES
14 BAKER STREET
0544 PHILADELPHIA PA",US,PHILADELPHIA
"/1234
NICHOLS-ROSALES HARVEY COVES
14 BAKER STREET
0544 LONDON GB",GB,LONDON
"/1234 TERESA MAYHEM ACCOUNTING
13 W.44 PORTAIL DEPARIS
 FRANCE LYON",FR,LYON
"/1234 TERESA MAYHEM ACCOUNTING
13 W.44 PORTAIL DEPARIS
 FRANCE LYON

 INSPECTION GENERALE IMPOTS",FR,LYON
"/1234 TERESA MAYHEM ACCOUNTING
13 W.44 PORTAIL DE PARIS
 FRANCE LYON",FR,LYON
"/1234 TERESA MAYHEM ACCOUNTING
13 W.44 PORTAIL DE PARIS
 FRANCE LYON

 INSPECTION GENERALE IMPOTS",FR,LYON
"/1234 TERESA MAYHEM ACCOUNTING
13 W.44 PORTAIL DE PARIS
 LYON FRANCE",FR,LYON
"/1234 TERESA MAYHEM ACCOUNTING
13 W.44 PORTAIL DEPARIS
 LYON FRANCE",FR,LYON
"/1234 TERESA MAYHEM ACCOUNTING
13 W.44 RUE DEPARIS
 LYON FRANCE",FR,LYON
"/1234 TERESA MAYHEM ACCOUNTING
13 W.44 PORTAIL DE PARIS
 LYON FRANCE

 INSPECTION GENERALE DES IMPOTS",FR,LYON
"/1234
NICHOLS-ROSALES HARVEY COVES
14 BAKER STREET
0544 PHILADELPHIAPA US",US,PHILADELPHIA
"/1234
NICHOLS-ROSALES HARVEY COVES
14 BAKER STREET
0544 LONDONGB",GB,LONDON
"/1234
NICHOLS-ROSALES HARVEY COVES
14 BAKER STREET
0544 PARISFRANCE",FR,PARIS
"/1234
NICHOLS-ROSALES HARVEY COVES
14 RUE DE MARSEILLE
0544 PARISFRANCE",FR,PARIS
"MZ66IFLG5055642956573106460272
MATILDE BATISTA NETO
OFFICE NUMBER 655
NAPOLEON STREET
LONDON INDUSTRIAL AREA
GB",GB,LONDON
"/1234
EDGARD IMPORT EXPORT
788914 PHILADELPHIA UNITED STATES
FROM ALBANY INCORPORATED",US,PHILADELPHIA
"/1234
EDGARD IMPORT/EXPORT
7889 W.44 PHILADELPHIA UNITED STATES
FROM ALBANY INCORPORATED",US,PHILADELPHIA
"FR8969112322148578374
JOSEPHINE ANGE GARDIEN",NO COUNTRY,NO TOWN
"8222
LONDON",NO COUNTRY,LONDON
"8222
POLAND",PL,NO TOWN
"/9355/1090
7074/JPBPDE46 JEANNETTE SCHMIDTKE H
ELLO., LTD.
2226/4492-2951-14513 TELTOW-PHAKALA
NE ANSBACH-TELTOW
2866/DEUTSCHLANDCASCHAFFENBURG 1355
9-666",DE,ASCHAFFENBURG
"/9355/1090
7074/JPBPDE46 JEANNETTE SCHMIDTKE H
ELLO., LTD.
2226/4492-2951-14513 TELTOW-PHAKALA
NE ANSBACH-TELTOW
2866/DEUTSCHLAND CA SCHAFFENBURG 1355
9-666",DE,TELTOW
"VOLKSBANK LANGENDERNBACH EG PRIVATKU
NDEN
KATZE SUCHEN GBR
7Q, FREUND. 618, GERLIND WENDE-BEIE
R. 4310, OTHERWISE RD.,
HAVELBERG GMBH 20641,
DE SCHLAGEN.DONAUESCHINGEN.UNTEN.",DE,DONAUESCHINGEN
"NL11AXKC3766776968
THOMAS SMITS-KORET BERTRAND-ROLAND 
BARONFROM KINGDOM OF BELGIUM BRUSS
ELS
1286",BE,BRUSSELS
"3842
DANIEL MARTIN ODENTON",NO COUNTRY,NO TOWN
"GB95NKTE80159687174180
GUY SHARPE
391",GB,NO TOWN
"ORTIZ, ESCOBAR AND GOMEZ
PORRO ENRIQUE RODRIGUEZ PRADA ALIQU
ID INCIDUNT AND SONS
PLACEAT 3796 6931 NON MOLESTIAE
11204 OCCIDENTAL EST
DO",DO,NO TOWN
"MD06DEXG9789051153800965
VICTORIA IONITA DINU STOICA
ULITSA SVERDLOVA. NR. 869, 4517, DZ
ERZHINSK DZERZHINSK
POLAND",PL,DZERZHINSK
"OLIVIA MARTINEZ
CALLE DE ESPANA, HAVANA, CUBA",CU,HAVANA
"MATTHIAS SCHMIDT
KÖNIGSTR. 22, VIA DE BARCELONA, STUTTGART DE",DE,STUTTGART
"ZHANG WEI
 GUANGZHOU, TIANJIN CN",CN,TIANJIN
"JANE DOE, APARTMENT 5B, 101 MAIN STREET
ACROSS THE STREET FROM THE OLD CHURCH, NEW YORK USA",US,NEW YORK
"LI WEI HO
NO. 22 HONGXING ROAD
CHENGDU, CHINA",CN,CHENGDU
"LI WEI HO MO
NO. 22 HONGXING ROAD
CHENGDU",CN,CHENGDU
"LI WEI HO MO
NO. 22 HONGXING ROAD
CHENGDU
ID 145868",CN,CHENGDU
"HIDEKI KOBAYASHI
2-11-3 SHINJUKU
TOKYO JAPAN",JP,TOKYO
"MR. SMITH, UNKNOWN BUILDING NEAR CENTRAL PARK
LONDON UNITED KINGDOM",GB,LONDON
"ELISABETH ANDERSON
KUNGSGATAN 5
111 43 STOCKHOLM SWEDEN",SE,STOCKHOLM
"AVENIDA DAS AMERICAS 500, BLOCO 2
RIO DE JANEIRO BRAZIL",BR,RIO DE JANEIRO
"RECEPTION, HOTEL LUXE
SOMEWHERE ON
CHAMPS ÉLYSÉES
PARIS FRANCE",FR,PARIS
"LIU HUA, 
BEIJING CHINA
WEST BUILDING 8, FINANCE STREET",CN,BEIJING
"ANNA JOHANSSON, NO DETAILS
STOCKHOLM SWEDEN
NOTHING ELSE SPECIFIED",SE,STOCKHOLM
"OSLO NORWAY POSTE RESTANTE
",NO,OSLO
POSTE RESTANTE,NO COUNTRY,NO TOWN
"JACK O'NEILL
DUBLIN IRELAND
OPPOSITE THE STADIUM OF PERTH",IE,DUBLIN
"PHILIP NGUYEN, 101 KIM MA STREET
HANOI VIETNAM",VN,HANOI
"IN805785787959
Flat 23, Building 5
MG Road
Bangalore, Karnataka 560001
India",IN,BANGALORE
"SECTOR 12B
 NO ADDRESS
DELHI INDIA
 BEHIND THE PARK
 ",IN,DELHI
"THE OLD WAREHOUSE
NEAR THE PORT
NO STREET NAME GEORGE
TOWN CAYMAN ISLANDS",KY,GEORGE TOWN
"THE OLD WAREHOUSE NEAR THE PORT,
 NO STREET NAME GEORGE TOWN
 CAYMAN ISLANDS",KY,GEORGE TOWN
"JOHN SMITH
NA",NO COUNTRY,NO TOWN
"THE OLD WAREHOUSE NEAR THE PORT,
 NO STREET NAME",NO COUNTRY,NO TOWN
"TINA LARSEN
STRANDVEJEN 12
8000 AARHUS DENMARK",DK,AARHUS
"UNKNOWN, 
NASSAU
OPPOSITE THE AIRPORT
ENTRANCE 
BAHAMAS",BS,NASSAU
"LI WEI
NO. 88 DONGFANG RD, PUDONG
SHANGHAI 200120 CHINA",CN,SHANGHAI
"ELITE TRADING LTD
DUBAI UAE",AE,DUBAI
"SHANGHAI TECH CORP
HONGQIAO DISTRICT SHANGHAI CHINA",CN,HONGQIAO
"GLOBAL FINANCE GROUP, 4TH FLOOR
MAIN OFFICE BUILDING
NO TOWN, PANAMA",PA,NO TOWN
"AMERICAN TECH SOLUTIONS, 
SOMEWHERE NEAR 
SILICON VALLEY
SAN JOSE",NO COUNTRY,SAN JOSE
"OLIVIA MARTINEZ
CALLE GRAN VIA SPAIN",ES,NO TOWN
"CENTRAL BANK OF ARGENTINA
NO ADDRESS PROVIDED
MONTEVIDEO URUGUAY",UY,MONTEVIDEO
"CORPORATE HQ
IBAN1122334455, NO DETAILS, HONG KONG 99999",CN,HONG KONG
"IBAN12345678
SARCEAU INCORPOR",NO COUNTRY,NO TOWN
"PETER MILLER
PORT AREA, MOMBASA KE",KE,MOMBASA
"SARCEAU INDUSTRIAL
FREE TRADE ZONE, GEORGE TOWN KY",KY,GEORGE TOWN
"UNKNOWN ENTITY
INDUSTRIAL COMPLEX 7, GUANGZHOU CN",CN,GUANGZHOU
"MARIA PEREIRA
RIO DE JANEIRO PORT AREA BR",BR,RIO DE JANEIRO
"Cecilia Chapman
711-2880 Nulla St.
Mankato Mississippi 96522
(257) 563-7401",US,MANKATO
"Iris Watson
P.O. Box 283 8562 Fusce Rd.
Frederick Nebraska 20620
(372) 587-2335",US,FREDERICK
"Celeste Slater
606-3727 Ullamcorper. Street
Roseville NH 11523
(786) 713-8616",US,ROSEVILLE
"Theodore Lowe
Ap #867-859 Sit Rd.
Azusa New York 39531
(793) 151-6230",US,AZUSA
"Schlosshoferstrasse 20
1210 Vienna",NO COUNTRY,VIENNA
"100 Flushcombe Road
Albury 2148",NO COUNTRY,ALBURY
"Slavyanska 29
1000 SOFIA",NO COUNTRY,SOFIA
"Avenida João Jorge,112
apto. 31,Campinas
SP,13035-680",NO COUNTRY,SP
"100 Boulevard Alexis-Nihon
Suite 310
Montreal,H4M 2N7,Canada",CA,MONTREAL
"Bahnhofstrasse 4a/8
8001 Zurich",NO COUNTRY,ZURICH
"Diagorou 29
2097 NICOSIA",NO COUNTRY,NICOSIA
"AUGUSTINOVA 2068
148 00,PRAGUE",NO COUNTRY,PRAGUE
"Hostatostrasse 16
65929,Frankfurt",DE,FRANKFURT
"Kucukayasofya Mah. 
Donus SOKAK Uyar Apt. No:3
 34000 Istanbul,Turkey",TR,ISTANBUL
"John Doe
1234 Elm Street
Springfield, IL 62704
USA",US,SPRINGFIELD
"John Doe
1234 Elm Street
Springfield, IL 62704
U.S.A.",US,SPRINGFIELD
"John Doe
1234 Elm Street
Springfield, IL 62704
U.S.A.
ADDITIONAL ID PROVIDED",US,SPRINGFIELD
"Jane Smith
456 Maple Avenue
Toronto, ON M5H 2N2
Canada",CA,TORONTO
"David Johnson
10 Downing Street
London
SW1A 2AA
United Kingdom",GB,LONDON
"Hans Müller
Berliner Str. 45
10115 Berlin
Germany",DE,BERLIN
"Marie Dupont
15 Rue de la Republique
75003 Paris
France",FR,PARIS
"Emily Davis
22 George Street
Sydney NSW 2000
Australia",AU,SYDNEY
"100-0001
Tokyo-to Chiyoda-ku Marunouchi 1-1
Taro Yamada
Japan",JP,TOKYO
"Amit Kumar
15 MG Road
Bangalore
Karnataka 560001
India",IN,BANGALORE
"John Smith
1 Sandton City, 3rd Floor
Sandton
Johannesburg
2196
South Africa",ZA,JOHANNESBURG
"Li Wei
Room 5B, No. 25 Xinhua Road
Beijing 100000
China",CN,BEIJING
"Carlos Souza
Rua dos Três Irmãos 45
Bairro Jardim
Sao Paulo SP 05040-000
Brazil",BR,SAO PAULO
"José Rodríguez
Avenida Insurgentes Sur 1244
Colonia del Valle
CDMX, CDMX 03100
Mexico",MX,COLONIA DEL VALLE
"Giuseppe Verdi
Via Roma 10
00100 Roma
Italy",IT,ROMA
"Maria García
Calle Mayor 15
28013 Madrid
Spain",ES,MADRID
"Ivan Petrov
101000 Moscow
Tverskaya St. 12",NO COUNTRY,MOSCOW
"Anna Svensson
Drottninggatan 45
111 21 Stockholm
Sweden",SE,STOCKHOLM
"/89991 TOM JONES
UNITED AMERICAN COMPANY
DOVER DE",US,DOVER
"/89991 TOM JONES
UNITED AMERICAN COMPANY DOVER DELAWARE",US,DOVER
"/89991 TOM JONES
UNITED AMERICAN COMPANY
DOVER DELAWARE",US,DOVER
"/89991 TOM JONES
UNITED AMERICAN COMPANY
DOVER DE US",US,DOVER
"TERESA MAYHEM
INDIANA STREET
 LOS ANGELES CA",US,LOS ANGELES
"TERESA MAYHEM
INDIANA STREET
LOS ANGELES
CA",US,LOS ANGELES
"TERESA MAYHEM
LOS ANGELES
INDIANA STREET",US,LOS ANGELES
"GRACE WILLIAMS
VIA ITALIA B.P. 1010
ROME ITALY
ID: 6677889900",IT,ROME
"AVALON TECHNOLOGIES INC
23 P.O. BOX 144
SANTA CLARA CA USA.
TEL: 408-555-2345",US,SANTA CLARA
"JAMES CORDOVA
P.O. BOX 123
WILMINGTON DE USA
PHONE: 302-555-1234
DOB: 1983-07-11",US,WILMINGTON
"SANS ADRESSE
MONTREAL
CANADA",CA,MONTREAL
"United General Company
Suez Canal Container Terminal Egypt",EG,SUEZ CANAL CONTAINER TERMINAL
"CAO CAO
TSMC MANUFACTURING
Port of Taipei Free Trade Zone",NO COUNTRY,PORT OF TAIPEI FREE TRADE ZONE
"CAO CAO
TSMC MANUFACTURING
TAIPEI PORT AREA",NO COUNTRY,TAIPEI
"MR INC REDIBLE
FR BANK OF MARSEILLE
/FJ/SUVA
IN INC",FJ,SUVA
SANS ADRESSE,NO COUNTRY,NO TOWN
SIN DIRECCION,NO COUNTRY,NO TOWN
NO ADDRESS,NO COUNTRY,NO TOWN
MEIYOU DIZHI,NO COUNTRY,NO TOWN
NOTHING,NO COUNTRY,NO TOWN
UNAPPLICABLE,NO COUNTRY,NO TOWN
SANS DOMICILE FIXE,NO COUNTRY,NO TOWN
"MAJORCA CALLE
PALMA DE MALLORCA
SPAIN
EMAIL: example(at)domain.com",ES,PALMA DE MALLORCA
"ARTHUR PENDRAGON
ID:1487864
YORK UNITED KINGDOM
king.arthur@pendragon.gb",GB,YORK
"FRANCOIS LEBLANC
POSTAL BOX 2345
MONTREAL QC
CANADA
POSTCODE H3Z 2Y7
TEL: (514) 555-9876",CA,MONTREAL
"FRANCOIS LEBLANC
POSTAL BOX 2345
MONTREAL QC
CANADA
POSTE RESTANTE",CA,MONTREAL
"FRANCOIS LEBLANC
POSTAL BOX 2345
MONTREAL QC
CANADA
C/O MRS. SMITH",CA,MONTREAL
"P.O. BOX 67890
MONTREAL QC
CANADA
MARINA",CA,MONTREAL
"P.O. BOX 67890
MONTREAL
S/N",NO COUNTRY,MONTREAL
"CA8908973597
 MONTREAL
S/N",NO COUNTRY,MONTREAL
"P.O. BOX 67890
MADRID
S/N",NO COUNTRY,MADRID
"P.O. BOX 67890
RIO DE JANEIRO
S/N",NO COUNTRY,RIO DE JANEIRO
"P.O. BOX 67890
BERLIN
S/N",NO COUNTRY,BERLIN
"P.O. BOX 67890
LONDON
S/N",NO COUNTRY,LONDON
"P.O. BOX 67890
ROTTERDAM
S/N",NO COUNTRY,ROTTERDAM
"P.O. BOX 67890
MONTERREY
S/N",NO COUNTRY,MONTERREY
"P.O. BOX 67890
SAIGON
S/N",NO COUNTRY,SAIGON
"P.O. BOX 67890
AUCUNE ADRESSE
TORONTO S/N",NO COUNTRY,TORONTO
"BE97646776323
P.O. BOX 67890
MADRID
S/N",NO COUNTRY,MADRID
"BE97646776323
P.O. BOX 67890
RIO DE JANEIRO
S/N",NO COUNTRY,RIO DE JANEIRO
"BE97646776323
P.O. BOX 67890
BERLIN
S/N",NO COUNTRY,BERLIN
"BE97646776323
P.O. BOX 67890
LONDON
S/N",NO COUNTRY,LONDON
"BE97646776323
P.O. BOX 67890
ROTTERDAM
S/N",NO COUNTRY,ROTTERDAM
"BE97646776323
P.O. BOX 67890
MONTERREY
S/N",NO COUNTRY,MONTERREY
"BE97646776323
P.O. BOX 67890
SAIGON
S/N",NO COUNTRY,SAIGON
"BE97646776323
P.O. BOX 67890
AUCUNE ADRESSE
TORONTO S/N",NO COUNTRY,TORONTO
"MAIL CENTER
WASHINGTON D.C.
CORPORATE OFFICE
FORWARDING POINT",US,WASHINGTON D.C.
"MAIL CENTER
WASHINGTON D.C.
NO/478444",US,WASHINGTON D.C.
"MAIL CENTER
WASHINGTON D.C.
ATTN: JOHN DOE",US,WASHINGTON D.C.
"MAIL CENTER
WASHINGTON D.C.
G.P.O",US,WASHINGTON D.C.
"MAIL CENTER
WASHINGTON D.C.
GBO",US,WASHINGTON D.C.
"US8912747637
MAIL CENTER
WASHINGTON D.C.
CORPORATE OFFICE
FORWARDING POINT",US,WASHINGTON D.C.
"US8912747637
MAIL CENTER
WASHINGTON D.C.
NO/478444",US,WASHINGTON D.C.
"US8912747637
MAIL CENTER
WASHINGTON D.C.
ATTN: JOHN DOE",US,WASHINGTON D.C.
"US8912747637
MAIL CENTER
WASHINGTON D.C.
G.P.O",US,WASHINGTON D.C.
"US8912747637
MAIL CENTER
WASHINGTON D.C.
GBO",US,WASHINGTON D.C.
PROVISIONAL ADDRESS,NO COUNTRY,NO TOWN
"PROVISIONAL ADDRESS
BIRMINGHAM
FRC4777",NO COUNTRY,BIRMINGHAM
"PROVISIONAL ADDRESS
BUDAPEST
FRC4777",NO COUNTRY,BUDAPEST
"PROVISIONAL ADDRESS
PARIS
FRC4777",NO COUNTRY,PARIS
"PROVISIONAL ADDRESS
LONDON
FRC4777",NO COUNTRY,LONDON
"PROVISIONAL ADDRESS
WARSAW
FRC4777",NO COUNTRY,WARSAW
"PROVISIONAL ADDRESS
SAN FRANCISCO
FRC4777",NO COUNTRY,SAN FRANCISCO
"BE806405647624
PROVISIONAL ADDRESS
BIRMINGHAM
FRC4777",NO COUNTRY,BIRMINGHAM
"BE806405647624
PROVISIONAL ADDRESS
BUDAPEST
FRC4777",NO COUNTRY,BUDAPEST
"BE806405647624
PROVISIONAL ADDRESS
PARIS
FRC4777",NO COUNTRY,PARIS
"BE806405647624
PROVISIONAL ADDRESS
LONDON
FRC4777",NO COUNTRY,LONDON
"BE806405647624
PROVISIONAL ADDRESS
WARSAW
FRC4777",NO COUNTRY,WARSAW
"BE806405647624
PROVISIONAL ADDRESS
SAN FRANCISCO
FRC4777",NO COUNTRY,SAN FRANCISCO
"JANE SMITH
UNIT 12, BLOCK C
NEW YORK NYC
USA
ID: AB12345",US,NEW YORK
"US74333867857
JANE SMITH
UNIT 12, BLOCK C
NEW YORK NYC
USA
ID: AB12345",US,NEW YORK
"US74333867857
JANE SMITH
UNIT 12, BLOCK C
NEW YORK
ID: AB12345",NO COUNTRY,NEW YORK
"US74333867857
JANE SMITH
UNIT 12, BLOCK C
NEW YORK CITY
ID: AB12345",NO COUNTRY,NEW YORK
"US74333867857
JANE SMITH
UNIT 12 BLOCK C
NEW YORK
ID: AB12345",NO COUNTRY,NEW YORK
"MARINA
NOT AVAILABLE
MIAMI BEACH FL USA
EMAIL: john(at)example.com",US,MIAMI BEACH
"MARINA
NOT AVAILABLE
MIAMI BEACH FL USA
CO MRS. SMITH",US,MIAMI BEACH
"MARINA
NOT AVAILABLE
MIAMI BEACH
CO MRS. SMITH",US,MIAMI BEACH
"MINISTRY OF DEFENSE
LONDON UK
POSTCODE: SW1A 2AA",GB,LONDON
"MINISTRY OF DEFENSE
LONDON UK
POSTCODE: SW1A 2DE",GB,LONDON
"MINISTRY OF DEFENSE
LONDON
POSTCODE: SW1A 2 DE",GB,LONDON
"GB85679862376
MINISTRY OF DEFENSE
LONDON UK
POSTCODE: SW1A 2AA",GB,LONDON
"GB85679862376
MINISTRY OF DEFENSE
LONDON UK
POSTCODE: SW1A 2DE",GB,LONDON
"GB85679862376
MINISTRY OF DEFENSE
LONDON
POSTCODE: SW1A 2 DE",NO COUNTRY,LONDON
"GB85679862376
MINISTRY OF DEFENSE
LONDON GB
POSTCODE: SW1A 2AA",GB,LONDON
"GB85679862376
MINISTRY OF DEFENSE
LONDON GB
POSTCODE: SW1A 2DE",GB,LONDON
"GB85679862376
MINISTRY OF DEFENSE
LONDON
POSTCODE: SW1A 2 DE",NO COUNTRY,LONDON
"GB85679862376
MINISTRY OF DEFENSE
LONDON
POSTCODE: SW1A 2AA",NO COUNTRY,LONDON
"GB85679862376
MINISTRY OF DEFENSE
LONDON
POSTCODE: SW1A 2DE",NO COUNTRY,LONDON
"GB85679862376
MINISTRY OF DEFENSE
LONDON",NO COUNTRY,LONDON
"IBAN: FR7630006000011234567890189
COTE D'IVOIRE
ABIDJAN",CI,ABIDJAN
"IBAN: FR7630006000011234567890189
CÔTE D'IVOIRE
ABIDJAN",CI,ABIDJAN
"IBAN: FR7630006000011234567890189
COTE D IVOIRE
ABIDJAN",CI,ABIDJAN
"IBAN: FR7630006000011234567890189
République Française",FR,NO TOWN
"BANK ACCOUNT 189465546
5TH AVENUE
NORTH BUSINESS ZONE
/NEW YORK/USA
POSTCODE: 10001",US,NEW YORK
"CA148694863468465
OAK STREET 78
WEST BUSINESS PARK
TORONTO CANADA
TEL: +1 416 555 0192",CA,TORONTO
"CA148694863468465
OAK STREET 78
WEST BUSINESS PARK
TORONTO
TEL: +1 416 555 0192",NO COUNTRY,TORONTO
"CA148694863468465
ST. QUEBEC STREET 78
WEST BUSINESS PARK
TORONTO
TEL: +1 416 555 0192",NO COUNTRY,TORONTO
"IBAN: DE89370400440532013000
MIKE FERGUSON
CENTRAL PARK AVE
NEW YORK USA
TEL: +1 212 555 9191",US,NEW YORK
"US89370400440532013000
MIKE FERGUSON
CENTRAL PARK AVE
NEW YORK USA
TEL: +1 212 555 9191",US,NEW YORK
"US89370400440532013000
MIKE FERGUSON
CENTRAL PARK AVENUE
NEW YORK USA
TEL: +1 212 555 9191",US,NEW YORK
"US89370400440532013000
MIKE FERGUSON
CENTRAL PARK AVE
PHILADELPHIA USA
TEL: +1 212 555 9191",US,NEW YORK
"GREGORY DUNHAM
14 VICTORIA RUE NORD
PARIS (FR)
TEL: 01 44 60 12 34",FR,PARIS
"SOPHIA LI
BOITE POSTALE
SHENZHEN CHINA
TEL: +86 755 234 5678",CN,SHENZEN
"AMY ROBERTS
P.O. BOX 678
CLEVELAND OH USA
TEL: (216) 555-4321 DOB: 22/11/1978",US,CLEVELAND
"FR907576454
GREGORY DUNHAM
14 VICTORIA RUE NORD
PARIS (FR)
TEL: 01 44 60 12 34",FR,PARIS
"CN90675451123
SOPHIA LI
BOITE POSTALE
SHENZHEN CHINA
TEL: +86 755 234 5678",CN,SHENZEN
"US89764334567
AMY ROBERTS
P.O. BOX 678
CLEVELAND OH USA
TEL: (216) 555-4321 DOB: 22/11/1978",US,CLEVELAND
"GREGORY DUNHAM
14 VICTORIA RUE NORD
PARIS
TEL: 01 44 60 12 34",NO COUNTRY,PARIS
"SOPHIA LI
BOITE POSTALE
SHENZHEN
TEL: +86 755 234 5678",NO COUNTRY,SHENZEN
"AMY ROBERTS
P.O. BOX 678
CLEVELAND
TEL: (216) 555-4321 DOB: 22/11/1978",US,CLEVELAND
"PAUL DUBOIS
B P BOITE POSTALE
LYON",NO COUNTRY,LYON
"PAUL DUBOIS
BP 47582
LYON",NO COUNTRY,LYON
"FR516561033540
BP 47582
LYON",NO COUNTRY,LYON
PAUL DUBOIS B P 47582 LYON,NO COUNTRY,LYON
"PAUL DUBOIS
B P 47582",NO COUNTRY,NO TOWN
"PAUL DUBOIS
BP 47582 LYON FR",FR,LYON
"PAUL DUBOIS
BP 47582 LYON FRA",FR,LYON
"YANNICK MARTIN
LA GRANDE AVENUE, B.P. 1234
PARIS (FR)/TEL: +33 1 44 67 89 90",FR,PARIS
"YANNICK MARTIN
LA GRANDE AVENUE, BP 1234
PARIS (FR)/TEL: +33 1 44 67 89 90",FR,PARIS
"YANNICK MARTIN
LA GRANDE AVENUE, B.P. 1234
PARIS (FR)",FR,PARIS
"P.O. BOX 9999
TOKYO JAPAN PHONE: 03-1234-5678",JP,TOKYO
"ROGER FOSTER
CROSSTOWN B.P. 1001
BOSTON MA USA",US,BOSTON
"RACHEL GARCIA P.O. BOX 123
HOUSTON TX USA ZIP: 77001",US,HOUSTON
"RUE DE LA PAIX BP
34 P.O. BOX
LUXEMBOURG
TEL: +352 45 67 89 01",LU,LUXEMBOURG
"RUE DE LA PAIX BP
34 PO BOX
LUXEMBOURG
TEL: +352 45 67 89 01",LU,LUXEMBOURG
"GENESIS INC
VIA ROMA 45, PO BOX 123
MILANO ITALY",IT,MILANO
"HARRISON DAVIS
NEW YORK NY USA
C/O JONES & ASSOCIATES INC",US,NEW YORK
"ELIZABETH THOMAS
KINGDOM OF SWEDEN STOCKHOLM
SVEAVAGEN 50, BP 122",SE,STOCKHOLM
"RICHARD BROWN
DOWNTOWN BUSINESS DISTRICT
USA
POSTAL CODE 23173",US,RICHMOND
"SUSAN SMITH
BOULEVARD DE LA VICTORIEBP987
PARISFRANCE",FR,PARIS
"DOWN BY THE RIVER BEYOND THE HILLS
NO TOWN NO COUNTRY
TEL: INCONNU",NO COUNTRY,NO TOWN
"ARTHUR PENDRAGON
RUE D UN REVE
PARIS",FR,PARIS
"ARTHUR PENDRAGON
RUE DE LA VICTOIRE
BORDEAUX",NO COUNTRY,BORDEAUX
"ARTHUR PENDRAGON
EN BAS DE LA ROUTE RO UGE",NO COUNTRY,NO TOWN
"ARTHUR PENDRAGON
EN BAS DE LA ROUTE ROUGE",NO COUNTRY,NO TOWN
"ES783643860
JOSE GARCIA
14 CALLE DEL PROFESSOR PINERO",NO COUNTRY,NO TOWN
"ES783643860
JOSE GARCIA
14 AV. PINERO",NO COUNTRY,NO TOWN
"ES783643860
JOSE GARCIA
AVENIDO DE LA REPUBLICA",NO COUNTRY,NO TOWN
"FRIEDRICH NIETZSCHE
14 HAUPTSTRASSE WEISS
988462 DUSSEL
DORF GERMANY",DE,DUSSELDORF
"DE340935724075324
HERR TIMO AMERICA
BERLIN STR 325
25764 KOELN/DE",DE,KOELN
"DE340935724075324
HERR TIMO AMERICA
BERLIN STR 325
25764 KOELN DE",DE,KOELN
"DE340935724075324
HERR TIMO AMERICA
BERLIN STR 325
25764 KOELN
DE",DE,KOELN
"DE340935724075324
HERR TIMO AMERICA
BERLIN STR 325
25764 COLOGNE/DE",DE,COLOGNE
"DE340935724075324
HERR TIMO AMERICA
BERLIN STR 325
25764 COLOGNE DE",DE,COLOGNE
"DE340935724075324
HERR TIMO AMERICA
BERLIN STR 325
25764 COLOGNE
DE",DE,COLOGNE
"DE340935724075324
HERR TIMO AMERICA
BERLIN STREET 325
25764 COLOGNE/DE",DE,COLOGNE
"DE340935724075324
HERR TIMO AMERICA
BERLIN STREET 325
25764 COLOGNE DE",DE,COLOGNE
"DE340935724075324
HERR TIMO AMERICA
BERLIN STREET 325
25764 COLOGNE
DE",DE,COLOGNE
"DE340935724075324
HERR TIMO AMERICA
BERLIN STR. 325
25764 COLOGNE",NO COUNTRY,COLOGNE
"DE340935724075324
HERR TIMO AMERICA
BERLIN STR. 325
25764 COLOGNE",NO COUNTRY,COLOGNE
"DE340935724075324
HERR TIMO AMERICA
BERLIN STR. 325
25764 COLOGNE",NO COUNTRY,COLOGNE
"US894655156744246
LISA SMITH
5TH AVENUE
NEW YORCK USA",US,NEW YORK
"/1234
PAUL DUBOIS
14 AV. CHAMPS ELYSEES
PAARIS CEDEX 98",FR,PARIS
"/1234/nHANK LE/nSAKE ST 123
 PUZHAL CHENNAI 600066 TN, INDIA
 DOB:1970-01-01",IN,PUZHAL
"/1234/nHANK LE/nSAKE ST 123
 CHENNAI 600066 TN, INDIA
 DOB:1970-01-01",IN,CHENNAI
"/1234/nHANK LE/nSAKE ST 123
 PUZHAL 600066 TN,
 DOB:1970-01-01 POB:INDIA",IN,PUZHAL
"/1234/nHANK LE/nSAKE ST 123
 PUZHAL 600066 TN,
 DOB:1970-01-01 POB:IRELAND",IN,PUZHAL
"/1234/nHANK LE/nSAKE ST 123
 PUZHAL 600066 TN,
 DOB:1970-01-01 POB:ARGENTINA",IN,PUZHAL
"/1234/nHANK LE/nSAKE ST 123
 PUZHAL 600066 TN, INDIA
 DOB:1970-01-01 POB:IRELAND",IN,PUZHAL
"/1234/nHANK LE/nSAKE ST 123
 PUZHAL,
 DOB:1970-01-01 POB:INDIA",NO COUNTRY,PUZHAL
"JOHN WILLIAMS
CICADA RD
BOSTON US",US,BOSTON
"JOHN WILLIAMS
CICADA RD
BOSTON",NO COUNTRY,BOSTON
"JOHN WILLIAMS
13 CICADA RD
BOSTON US",US,BOSTON
"JOHN WILLIAMS
13 CICADA RD
BOSTON",NO COUNTRY,BOSTON
"JOHN WILLIAMS
13 CICADA RD.
BOSTON US",US,BOSTON
"JOHN WILLIAMS
13 CICADA RD.
BOSTON",NO COUNTRY,BOSTON
"JOHN WILLIAMS
13 CICADA RD
BOSTON US
ID 129890",US,BOSTON
"JOHN WILLIAMS
13 CICADA RD BOSTON
ID 129890",NO COUNTRY,BOSTON
"JOHN WILLIAMS
13 CICADA AV
BOSTON US
ID 129890",US,BOSTON
"JOHN WILLIAMS
13 CICADA AV BOSTON
ID 129890",NO COUNTRY,BOSTON
"JOHN WILLIAMS
CICADA AV
BOSTON US
ID 129890",US,BOSTON
"JOHN WILLIAMS
CICADA AV BOSTON
ID 129890",NO COUNTRY,BOSTON
"ERSATZ SA
RUE CHASSEPOT
MARSEILLE",NO COUNTRY,MARSEILLE
"BONAVENTURE SA
13 RUE CHASSEPOT
MARSEILLE FR",FR,MARSEILLE
"COMPAGNIE DES INDES SA
RUE CHASSEPOT
MARSEILLE",NO COUNTRY,MARSEILLE
"SOCIETE FLEUROT SA
13 RUE CHASSEPOT
PARIS
SOCIETE SA",NO COUNTRY,PARIS
"BOUALNGERIE PAUL SA
RUE CHASSEPOT
MARSEILLE
SA SOCIETE",NO COUNTRY,MARSEILLE
"ERSATZ BV
12 ELM ST
ROTTERDAM",NO COUNTRY,ROTTERDAM
"REISLAUFE BV
12 ELM ST
ROTTERDAM",NO COUNTRY,ROTTERDAM
"HOODENDONK BV
12 ERBLIN ST
ROTTERDAM NL",NL,ROTTERDAM
"SOCIETE FLEUROT BV
12 ELM ST
AMSTERDAM",NO COUNTRY,AMSTERDAM
"PAUL BAKERY BV
12 ELM ST
AMSTERDAM NL",NL,AMSTERDAM
"KAMEL AMELA
ATATURK ST
ISTANBUL TURQUIE",TR,ISTANBUL
"MARY WILLIAMS
14 CALLE DEL PROFESSOR PINERO
GUADA
LUPE AR",AR,GUADALUPE
"RAKOSI ET MIKOLA
LABORE ILLUM RA SCA
ZHENG ZAI SHI GONG
 HARUM SCS
PERIS-SEVERIN NITASTRADA PRINCIPALA
77150",NO COUNTRY,PERIS
"622159172020
HR WERNER JORGENSEN NIELS BRANDT-DA
M HR ULRIK CARLSEN BYGGE
WITH OSVEDKFM848 KINGDOM OF DENMARK
BUNKEFLOSTRAND OYVIND OSTERGAARD
/KINGDOM OF DENMARK/BUNKEFLOSTRAND'",DK,BUNKEFLOSTRAND
"GB25SNIN05753647982304
PAULA ALLEN HILLCREST HEIGHTS",NO COUNTRY,HILLCREST HEIGHTS
"51838840068
80/MARIA RODRIGUEZ SANTOS
5,5/NEITHER
67/11501 DANGER
 DO
50/DO/LABORE DOMINICAN REPUBLIC 328
890-7689.9",DO,NO TOWN
"493012112798
SHANE PHILLIPS IPSUM PAPUA NIU GINI",PG,NO TOWN
"FR90909U09U909
M PARIS",NO COUNTRY,NO TOWN
"/FR0386537233962951365238398
14/RENEE FERREIRA HORIZON PASSER-DI
SCUTER
79/77000 MELUN MELUN
88/FRANCE/77000 MELUN",FR,MELUN
"CASA DA DJEDJA
33 COMMODI 44,PERFERENDIS E FILHOS/
CAPE VERDE",CV,NO TOWN
"84933798 7456414,
COCONUT JPG DO NOT REMOVE
 SPRING STREET",NO COUNTRY,NO TOWN
"UZGJTH269116597349
SOMEWHAT TWNS BLM LKHLDY PEXEGBK5 `
LY@ BRQ
WYKYBYDY 32U 5346 -20843 ABU DHABI
ABU DHABI
ABU DHABI BLDH/THINGS",NO COUNTRY,ABU DHABI
"CAROLINA LOW COUNTRY' PENSION JXWRGB
KZYLTD
6778 ELSE PLAYER/US/HILLCREST HEIGT
HS 20748-12
6943",US,HILLCREST HEIGHTS
"SCOTT GROUP
VOLUPTATE GROUP LIEU NON DIVULGUE

TW6 2AU GEORGIA EVANS U. KINGDOM VI
TAEBATH ROAD
GROUP GB",GB,NO TOWN
"MESTRES NAVARRO DEBORAH
S.A.S. THAN, ELODIE LACOMBE LE RIOU
CHEMIN DE LECLERC,",NO COUNTRY,NO TOWN
"536766.6465447
OWEN VAN HENEGOUWEN MZFCNLTZ
8682OG NV RWZLNLIDK2C MALE, LOS MAL
E REPUBLIC OF SOUTH AFRICA
21744,6",ZA,MALE
"6910620081666
8000~ BEYOND THE HORIZON
 NIAMEY",NO COUNTRY,NIAMEY
"GREEN AND SONS+REFLECT GROUP ATTORNE
Y
08107 CRAIG HERNANDEZ U.S EARLYBALT
IMORE AVENUE
INC UNITED STATES",US,NO TOWN
"IE2486355761221966587408078
15/FUGIAT ARGPIE8DM7Q LTD
79/DR. AUDREY O DUIBHEANNAIGH VINCE
NT MAC GEIDIGH 912
24/IE/GREYSTOENS,EIRE",IE,GREYSTONES
"METAL WORKS PERTH/NON DISPONIBLE
 AND SONS PLC
54/COMMONWEALTH OF AUSTRALIA/NOT PR
OVIDED",AU,NO TOWN
"GB46SERG85772439997960HSIMILIQUE-MRS
 MELANIE KNOWLES ASPERNATUR.ITAQUE.
REPUBLIC OF KENYA",KE,NO TOWN
"GB74SWSM05048200899984
ROCK SOMETIMES  RONALD MURRAY'WEI Z
HI DI DIAN

 AREA RESERVADA
, INC
AROUND 858 38446 SEE INSTRUCTIONS

U.S.A",US,NO TOWN
"TELCOTECH SOLUTIONS/JOSE JOHN ORTEGA
 RUIZ EXPEDITA GROUP
21/DOMINICAN REPUBLIC",DO,NO TOWN
"THE NAMIBIA BOXING FEDERATION, LLC T
THQGBSLWFJ NAMIBIE",NA,NO TOWN
"GB57UTYX59671792917208
43/BRANDON FOX  CRYSTAL DUNN
75/UNITED STATES
2/U.S.'",US,NO TOWN
"SEBASTIAN BACKHAUS
KG DE",DE,NO TOWN
"889497623
VICTORIA MORGAN PREMIER RICKMANSWOR
TH",NO COUNTRY,RICKMANSWORTH
"8666326032
NO TRESPASSING
 GLASS FILL UPON SARAH HUFF
JORDANIAN DINAR",NO COUNTRY,NO TOWN
"AEROTECH ACOUSTICS
DR. SAKURA SUARTINI }PROVISIONAL AD
DRESS
 TK NEW
(PERSERO) TBK RATIONE.LTD

79100 TBK JOHOR BAHRUD
WPYGBHT TBK ODIT
JOHOR BAHRU DIMAS HU",NO COUNTRY,JOHOR BAHU
"NL58RNHB6412402103
TUSSEN TAMELIJK
BROEK 438
/HANOVER PARK/428936  ABOARD SHIP",NO COUNTRY,HANOVER PARK
"94403786962417
ATTENTION: LOUIS MATTHEWS-BEGUM
 ALIQUID TOTAM
VFKRGBYM1KN MRS AMY HODGSON CLUB 30
00 BINGO SURE KT14 7DU,DUCIMUS PERS
PICIATIS
,MARINA",NO COUNTRY,NO TOWN
/UK,GB,NO TOWN
"IPSAM ADDRESS PROTECTED
 - AND SONS  471049-78CARRERA 84
250052 SOACHA REPUBLICA DE COLOMBIA
REPUBLICA DE COLOMBIA REPREHENDERIT
: 544./22/2023",CO,SOACHA
"IPSAM ADDRESS PROTECTED
 - AND SONS  471049-78CARRERA 84
250052 SOCHA REPUBLICA DE COLOMBIA
REPUBLICA DE COLOMBIA REPREHENDERIT
: 544./22/2023",CO,SOACHA
"7957965506540
ANDREW BUTLER AUTEM, CONSEQUUNTURMA
IN  ARCHITECTO
REPUBLIC OF ZIMBABWE 613828",ZW,NO TOWN
"FORT MILL FACES
BEVERLY ADAMS PLC BY RELIGIOUS.13+
SEA. LEISURE WORLD 20906/MELISSA MC
CARTHY RESPONSE
LEISURE WROLD",NO COUNTRY,LEISURE WORLD
"FORT MILL FACES
BEVERLY ADAMS PLC BY RELIGIOUS.13+
SEA. LEISURE WORLD 20906/MELISSA MC
CARTHY RESPONSE
LEISURE WORLD",NO COUNTRY,LEISURE WORLD
"GB46TUND89449292556500
JACK]SPENCER KAMPALA
KAMPALA",NO COUNTRY,KAMPALA
"SKOVBY BLUES
PROF. GUNDHILD PEDERSEN SYNLIG APS
21146 GURLI LAURIDSEN MALMO CLAUS C
HRISTENSEN-PETERSEN HOLD FOR PICKUP

MALMO. .A/S KNGERIGET DANMARK",DK,MALMO
"FR9208541281602823222244974
MARGUERITE DE GAUTIER CHRISTOPHE AL
LAIN",NO COUNTRY,NO TOWN
"315164709911
21./MOLLITIA UT NIMI (NATUS) COMMON
WEALTH OF THE BAHAMAS
35/EXPLICABO
73NASSAU",BS,NASSAU
"315164709911
21./MOLLITIA UT NIMI (NATUS) COMMON
WEALTH OF THE BAHAMAS
35/EXPLICABO
73/NASSAU",BS,NASSAU
"333396754488
LEAST FRANK JACKSON XSNHGB68 UNITED
 STATES OF AMERICA",US,NO TOWN
"32,3,011038
NON MONEY PROVIDE
WILLIAMSBURG
CA CA",CA,WILLIAMSBURG
"MICROSOFT CO
13 NEW YORK LANE
BIRMINGHAM",NO COUNTRY,BIRMINGHAM
"COMPANY NAME UK
13 BANGALORE LANE
BIRMINGHAM",NO COUNTRY,BIRMINGHAM
"FOOT LOCKER UK
13 NEW DELHI LANE
BIRMINGHAM",NO COUNTRY,BIRMINGHAM
"POSTAL BANK FR
13 PARIS LANE
GLASGOW",NO COUNTRY,GLASGOW
"RHEINMETALL NL
13 STRASBOURG STREET
ROTTERDAM",NO COUNTRY,ROTTERDAM
"RHEINMETALL FR
13 STRASBOURG STREET
ROTTERDAM",NO COUNTRY,ROTTERDAM
"MICROSOFT CO
13 NEW YORK LANE
BIRMINGHAM GB",GB,BIRMINGHAM
"COMPANY NAME UK
13 BANGALORE LANE
BIRMINGHAM GB",GB,BIRMINGHAM
"POSTAL BANK FR
13 PARIS LANE
GLASGOW",NO COUNTRY,GLASGOW
"POSTAL BANK FR
13 PARIS LANE
G59AJ GLASGOW",NO COUNTRY,GLASGOW
"RHEINMETALL NL
13 STRASBOURG STREET
ROTTERDAM NL",NL,ROTTERDAM
"RHEINMETALL FR
13 STRASBOURG STREET
ROTTERDAM NL",NL,ROTTERDAM
"Ivan Petrov
ul. Rozhen 14, vh. B, et. 3, ap. 12
zh.k. Nadezhda 2
1324 Sofia Bulgaria",BG,SOFIA
"Maria Georgieva
bul. “Osvobozhdenie” 53, et. 2, ap. 8
zh.k. Trakiya
4023 Plovdiv
Bulgaria",BG,PLOVDIV
"Ivan Petrov
ul. Rozhen 14, vh. B, et. 3, ap. 12
JK Nadezhda 2
1324 Sofia Bulgaria",BG,SOFIA
"Maria Georgieva
bul. Osvobozhdenie 53, et. 2, ap. 8
JK Trakiya
4023 Plovdiv Bulgaria",BG,PLOVDIV
"Ivan Petrov
ul. Rozhen 14, vh. B, et. 3, ap. 12
j.k. Nadezhda 2
1324 Sofia",NO COUNTRY,SOFIA
"Maria Georgieva
bul. Osvobozhdenie 53, et. 2, ap. 8
jk Trakiya
 Plovdiv",NO COUNTRY,PLOVDIV
"Ivan Petrov
ul. Rozhen 14, vh. B, et. 3, ap. 12
j.k. Nadezhda 2
1324 Sofia",NO COUNTRY,SOFIA
"BG89686087
Maria Georgieva
bul. Bangalore8
jk Trakiya
 Plovdiv",NO COUNTRY,PLOVDIV
"BG89686087
Maria Georgieva
bul. Bangalore8
jk Trakiya
Plovdiv",NO COUNTRY,PLOVDIV
"786686087
Maria Georgieva
bul. Bangalore8
jk Trakiya
Plovdiv",NO COUNTRY,PLOVDIV
"/5415
Maria Georgieva
bul. Bangalore8
jk Trakiya
Plovdiv",NO COUNTRY,PLOVDIV
"Maria Georgieva
bul. Bangalore8
jk Trakiya
 Plovdiv",NO COUNTRY,PLOVDIV
"Maria Georgieva
bul. Bangalore8
jk Trakiya
 4023 Plovdiv Bulgaria",BG,PLOVDIV
"Maria Georgieva
bul. Bangalore8
jk Trakiya
Plovdiv",NO COUNTRY,PLOVDIV
"Maria Georgieva
bul. Bangalore8
jk Trakiya
4023 Plovdiv Bulgaria",BG,PLOVDIV
"AMAZON CA
42 TORONTO ROAD
LOS ANGELES",NO COUNTRY,LOS ANGELES
"AMAZON CO
42 DENVER ROAD
TORONTO",NO COUNTRY,TORONTO
"AMAZON CO
42 DENVER ROAD
TORONTO CA",CA,TORONTO
"AMAZON CO
42 DENVER ROAD
QUEBEC CA",CA,QUEBEC
"SONY FR
PARIS AVENUE
ROME",NO COUNTRY,ROME
"SONY FR
PARIS AVENUE
ROME ITALY",IT,ROME
"Berliner Str. 12
50667 Dresden
Wichtige Sendung",NO COUNTRY,DRESDEN
"Friedrich Nietzche
Berliner Str. 12
50667 Dresden
Wichtige Sendung",NO COUNTRY,DRESDEN
"Friedrich Nietzche
Berliner Str. 12
Dresden
Wichtige Sendung",NO COUNTRY,DRESDEN
"DE894367635
Berliner Str. 12
50667 Dresden
Wichtige Sendung",NO COUNTRY,DRESDEN
"DE894367635
Friedrich Nietzche
Berliner Str. 12
50667 Dresden
Wichtige Sendung",NO COUNTRY,DRESDEN
"DE894367635
Friedrich Nietzche
Berliner Str. 12
Dresden
Wichtige Sendung",NO COUNTRY,DRESDEN
"Friedrich Nietzche
Berliner Str. 12
50677
Wichtige Sendung",NO COUNTRY,NO TOWN
"Berliner Str. 12
50667 Dresden DE
Wichtige Sendung",DE,DRESDEN
"Friedrich Nietzche
Berliner Str. 12
50667 Dresden DE
Wichtige Sendung",DE,DRESDEN
"Friedrich Nietzche
Berliner Str. 12
Dresden DE
Wichtige Sendung",DE,DRESDEN
"Friedrich Nietzche
Berliner Str. 12
50677 DE
Wichtige Sendung",DE,NO TOWN
"Berliner Str. 12
50667 Dresden Deutschland
Wichtige Sendung",DE,DRESDEN
"Friedrich Nietzche
Berliner Str. 12
50667 Dresden Deutschland
Wichtige Sendung",DE,DRESDEN
"Friedrich Nietzche
Berliner Str. 12
Dresden Deutschland
Wichtige Sendung",DE,DRESDEN
"Friedrich Nietzche
Berliner Str. 12
50677 Deutschland
Wichtige Sendung",DE,NO TOWN
"Berliner Str. 12
50667 Dresden Germany
Wichtige Sendung",DE,DRESDEN
"Friedrich Nietzche
Berliner Str. 12
50667 Dresden Germany
Wichtige Sendung",DE,DRESDEN
"Friedrich Nietzche
Berliner Str. 12
Dresden Germany
Wichtige Sendung",DE,DRESDEN
"Friedrich Nietzche
Berliner Str. 12
50677 GERMANY
Wichtige Sendung",DE,NO TOWN
"42 Broadway 4th flr.
URGENT DELIVERY
NY 10004",US,NO TOWN
"25 Main St
02108
Boston HQ",NO COUNTRY,BOSTON
"Andrew Llory Weber
25 Main St
02108
Boston HQ",NO COUNTRY,BOSTON
"Napoléon Bonaparte
24 Rue de Lyon
75012
Pour Réception",NO COUNTRY,NO TOWN
"Napoléon Bonaparte
24 Rue de Lyon
Strasbourg
Pour Réception",NO COUNTRY,STRASBOURG
"Av Paulista, 1578
SP, BR, lottery:007",BR,SAO PAULO
"Queen, 456
Toronto, ON
 M5V, extra:fast",CA,TORONTO
"Sipho
56 Long St
 Cape Town
clearance sale",NO COUNTRY,CAPE TOWN
"Sipho
 Cape Town
clearance sale",NO COUNTRY,CAPE TOWN
"Sipho
 Cape Town
2224 price tag",NO COUNTRY,CAPE TOWN
"US189786687
Berliner Str. 12
50667 Dresden
Wichtige Sendung",NO COUNTRY,DRESDEN
"CA1868
Friedrich Nietzche
Berliner Str. 12
50667 Dresden
Wichtige Sendung",NO COUNTRY,DRESDEN
"/14789489
Friedrich Nietzche
Berliner Str. 12
Dresden
Wichtige Sendung",NO COUNTRY,DRESDEN
"6546988
Friedrich Nietzche
Berliner Str. 12
50677
Wichtige Sendung",NO COUNTRY,NO TOWN
"US189786687
42 Broadway 4th flr.
URGENT DELIVERY
NY 10004",US,NO TOWN
"25 Main St
02108
Boston HQ
Andrew Lloyd Weber",NO COUNTRY,BOSTON
"Andrew Llory Weber
25 Main St
Boston KA",NO COUNTRY,BOSTON
"Andrew Lloyd Weber
25 Main St
London
CO",NO COUNTRY,LONDON
"JB AUTOMOTIVE INC
AWAY LTD RELATIVELY NATUREKING WILL
IAM DRIVE
CATONSVILLE 21043, C01 JI77
UNITED STATES OF AMERICA",US,CATONSVILLE
"/GB44UEIN74308364729271N
37/DANGER
 CUSTOMER SERVICE HUB
 REPUDIANDAE
26/CUMQUE 607
87/REPUBLIC OF CHILE/SAN JOAQUIN AO
BRGB5C) 104048",CL,SAN JOAQUIN
"POTTS PLC
BOTH BRUNEI DOLLAR LLC IN
JASON HERMAN{FIRE 20746
20746 SUITLAND-SILVER HILL
UNITED STATES OF AMERICA",US,SUITLAND-SILVER HILL
"MARCOTTE-GAUTHIER
DENIS-TRISTAN MICHAUD OUT AND SONS
LTD ELIGENDI
SIMPLY TODAY A705 H4C3J9,CANADA CLA
RENCE-ROCKLAND CA PRODUCT
FOOT ,CLARENCE-ROCKLAND,EN ATTENTE
D'ADRESSE",CA,CLARENCE-ROCKLAND
"GB87FCCJ31093139127708
NESCIUNT BRENDAN MAC DAIBHID-O TIOB
RAIDECHERRY ORCHARD INDUSTRIAL ESTA
TE
BALLYFERMOT EIRE",IE,BALLYFERMOT
"74451
MOHAMMAD JONES MR ERIC RICE
EXAMPLE RRLWGBNBRI2 PARIATUR UNITED
 KINGDOM OF GREAT BRITAIN AND NORTHERN IRELAND

HA1 2UA ELIGENDI HARROW UNITED KIN",GB,HARROW
"GB79NUYI17555768525663
ILGXGBSALTX TO WHOM IT MAY CONCERN
 PM
PARTICIPANT 960
WXVZGBC3SHQ 236
20746 SUITLAND-SILVER HILL
 SUITLAND-SILVER HILL",IT,SUITLAND-SILVER HILL
"CARRASCO ZAVALA ARTURO
S.C. SEZGGBEW,DR. ILSE ALCARAZ A.C.
,
CECILIA CERVANTES,TEPOTZOTLANESTA
DOS UNIDOS MEXICANOS",MX,TEPOTZOTLAN
"CARRASCO ZAVALA ARTURO
S.C. SEZGGBEW,DR. ILSE ALCARAZ A.C.
,
CECILIA CERVANTES,TEPOTZOTLAN ESTA
DOS UNIDOS MEXICANOS",MX,TEPOTZOTLAN
"GB83IUSW63555088606539
CAROL OCONNELL LISA GONZALEZ OFFICI
AL
JAMES HURST SERVICE DISCONTINUED
 70 63
20723 LAUREL CUP",NO COUNTRY,LAUREL
"SPORTRINGEN AB
HB EKERO SVERIGE",SE,EKERO
"LYSTRINGEN
RFH REPREHENDERIT VEL GUNNAR NIELSE
NDIL1O
TOR NILSEN 540 7
NO 0204 HONEFOSS",NO,HONEFOSS
"Caribbean Bank Ltd.
New York Lane
KY1-9006 Grand Cayman",KY,NO TOWN
"Cayman Brac Airport
West End Road
Cayman Brac KY2-2101
Cayman Islands",KY,CAYMAN BRAC
"Cayman Brac Airport
Los Angeles Road
Cayman Brac KY2-2101",NO COUNTRY,CAYMAN BRAC
"Cayman Brac Airport
Los Angeles Road
KY2-2101 Cayman Brac",NO COUNTRY,CAYMAN BRAC
"Cayman Brac Airport
Frankfort Road
KY2-2101 Cayman Brac",NO COUNTRY,CAYMAN BRAC
"Cayman Brac Airport
Frankfort Road
KY2-2101 Cayman Brac
Cayman Islands",KY,CAYMAN BRAC
"Caribbean Bank Ltd.
New York Lane
KY 1-9006 Grand Cayman",KY,NO TOWN
"Cayman Brac Airport
West End Road
Cayman Brac KY 2-2101
Cayman Islands",KY,CAYMAN BRAC
"Cayman Brac Airport
Los Angeles Road
Cayman Brac KY 2-2101",KY,CAYMAN BRAC
"Cayman Brac Airport
Los Angeles Road
KY 2-2101 Cayman Brac",NO COUNTRY,CAYMAN BRAC
"Cayman Brac Airport
Frankfort Road
KY 2-2101 Cayman Brac",NO COUNTRY,CAYMAN BRAC
"Cayman Brac Airport
Frankfort Road
KY 2-2101 Cayman Brac
Cayman Islands",KY,CAYMAN BRAC
"SHERLOCK HOLMES
14 BAKER STREET
LO'NDON",NO COUNTRY,LONDON
"NAPOLEON BONAPARTE
5 RUE DU PEUPLE
CLERMONT'FERRAND",NO COUNTRY,CLERMONT-FERRAND
"NAPOLEON BONAPARTE
5 RUE DU PEUPLE
63000 CLERMONT'FERRAND",NO COUNTRY,CLERMONT-FERRAND
"NAPOLEON BONAPARTE
5 RUE DU PEUPLE
63000 CLERMONT'FERRAND FRANCE",FR,CLERMONT-FERRAND
"NAPOLÉON BONAPARTE
5 RUE DU PEUPLE
 CLERMONT FERRAND",NO COUNTRY,CLERMONT-FERRAND
"NAPOLEON BONAPARTE
5 RUE DU PEUPLE
63000 CLERMONT'FERRAND",NO COUNTRY,CLERMONT-FERRAND
"NAPOLÉON BONAPARTE
5 RUE DU PEUPLE
63000 CLERMONT FERRAND FRANCE",FR,CLERMONT-FERRAND
"Juan Gómez
5a Avenida 12-45, Zona 1
Guatemala City 01001
Guatemala",GT,GUATEMALA CITY
"Banco de Guatemala
7a Avenida 22-01, Zona 4
Guatemala City 01004
Guatemala",GT,GUATEMALA CITY
"John Paul II Library
Piazza San Pietro 1
Vatican City 00120
Holy See",VA,VATICAN CITY
"Apostolic Palace
Cortile San Damaso
Vatican City 00120
Holy See",VA,VATICAN CITY
"John Doe
42 Main St @ 5th Ave
New York, NY 10001
USA",US,NEW YORK
"Smith & Sons Bakery
12 King's Road & Queen St.
London SW1A 1AA
United Kingdom",GB,LONDON
"Smith & Sons Bakery
12 Kings Road & Queen St.
London SW1A 1AA
United Kingdom",GB,LONDON
"FR7630004000031234567890143
Total Energies
15 Avenue des Champs-Élysées NEAR FOOD
STAND LTD Paris France",FR,PARIS
"NL91ABNA0417164300
Philips NV
High Tech Campus 5 NEAR FOOD
STAND LTD Eindhoven Netherlands",NL,EINDHOVEN
"CA1234567890123456789
Shopify Inc.
151 O'Connor Street NEAR FOOD
STAND LTD Ottawa Canada",CA,OTTAWA
"SG901234567890123456789
Grab Holdings
138 Market Street NEAR FOOD
STAND LTD Singapore Singapore",SG,SINGAPORE
"SAINT PIERRE
15 Rue de la République
SAINT PIERRE, 97410
Réunion, France",FR,SAINT PIERRE
"ST PIERRE
8 Boulevard de la Mer
ST PIERRE, 97432
Réunion, France",FR,ST PIERRE
"ST-PIERRE
3 Place de l'Église
ST-PIERRE, 97410
Réunion, France",FR,ST-PIERRE
"ST. PIERRE
22 Avenue des Palmiers
ST. PIERRE, 97410
Réunion, France",FR,ST. PIERRE
"SAINT-GEORGES
100 Rue Principale
SAINT-GEORGES, QC G5Y 3P4
Canada",CA,SAINT-GEORGES
"ST-GEORGES
200 Avenue Laval
ST-GEORGES, QC G5Y 4T7
Canada",CA,ST-GEORGES
"ST. GEORGES
55 Chemin du Lac
ST. GEORGES, QC G5Y 2J8
Canada",CA,ST. GEORGES
"Glacier Import Export
12 Rue Dessalines
SAINT MARC, 4310
Haiti",HT,SAINT MARC
"ST MARC
88 Boulevard Toussaint Louverture
ST MARC, 4310
Haiti",HT,ST MARC
"Monsieur Patate
5 Rue du Fleuve
SAINT LOUIS, 32000
Senegal",SN,SAINT LOUIS
"Illustre Inconnu
17 Quai Faidherbe
ST LOUIS, 32000
Senegal",SN,ST LOUIS
"Grand Chef de Guerre
Rue de la Liberté
SAINT PIERRE, 80803
Mauritius",MU,SAINT PIERRE
"ST PIERRE
Avenue des Fleurs
ST PIERRE, 80803
Mauritius",MU,ST PIERRE
"SAINT DENIS
Quartier Analakely
ANTANANARIVO, 101
Madagascar",MG,ANTANANARIVO
"ST-DENIS
Boulevard Ratsimandrava
ANTANANARIVO, 101
Madagascar",MG,ANTANANARIVO
"15 Rue de la République
SAINT PIERRE, 97410
Réunion, France",FR,SAINT PIERRE
"8 Boulevard de la Mer
ST PIERRE, 97432
Réunion, France",FR,ST PIERRE
"3 Place de l'Église
ST-PIERRE, 97410
Réunion, France",FR,ST-PIERRE
"22 Avenue des Palmiers
ST. PIERRE, 97410
Réunion, France",FR,ST. PIERRE
"100 Rue Principale
SAINT-GEORGES, QC G5Y 3P4
Canada",CA,SAINT-GEORGES
"200 Avenue Laval
ST-GEORGES, QC G5Y 4T7
Canada",CA,ST-GEORGES
"55 Chemin du Lac
ST. GEORGES, QC G5Y 2J8
Canada",CA,ST. GEORGES
"12 Rue Dessalines
SAINT MARC, 4310
Haiti",HT,SAINT MARC
"n88 Boulevard Toussaint Louverture
ST MARC, 4310
Haiti",HT,ST MARC
"5 Rue du Fleuve
SAINT LOUIS, 32000
Senegal",SN,SAINT LOUIS
"n17 Quai Faidherbe
ST LOUIS, 32000
Senegal",SN,ST LOUIS
"Rue de la Liberté
SAINT PIERRE, 80803
Mauritius",MU,SAINT PIERRE
"Avenue des Fleurs
ST PIERRE, 80803
Mauritius",MU,ST PIERRE
"FR7630004000031234567890143
Total Energies
@randomtext#42
France Paris 15 Avenue des Champs-Élysées
Bldg 3 75008",FR,PARIS
"DE44500105175407324931
Volkswagen Group

Germany Wolfsburg Berliner Straße 15
HQ 38440",DE,WOLFSBURG
"ES9121000418450200051332
Zara SA
####EXTRAINFO####
Spain A Coruña Av. de la Diputación 150
Block 2A 15004",ES,A CORNUA
"IT60X0542811101000000123456
Ferrero SpA

Italy Alba Piazza San Francesco 3
Suite 5 12051",IT,ALBA
"GB29NWBK60161331926819
Tesco PLC
Ref: #FoodChainUK
United Kingdom London 33 New Oxford Street
Flat 12  WC1A 1BH",GB,LONDON
"US123456789012345678901234
Apple Inc.
<null>
USA Cupertino 1 Infinite Loop
Box 1 95014",US,CUPERTINO
"NL91ABNA0417164300
Philips NV
###Internal###
Netherlands Eindhoven High Tech Campus 5
Office 7B 5656AE",NL,EINDHOVEN
"AE070331234567890123456
Emirates Group

UAE Dubai Sheikh Zayed Road
Tower 4 00000",AE,DUBAI
"CA1234567890123456789
Shopify Inc.
DataField-XYZ
Canada Ottawa 151 O'Connor Street
Unit 6  K2P 2L8",CA,OTTAWA
"SG901234567890123456789
Grab Holdings
SomeRandomInfo
Singapore Singapore 138 Market Street
Floor 18 048946",SG,SINGAPORE
"BE71096123456769
AB InBev
###Confidential###
Belgium Leuven Brouwerijplein 1
HQ 3000",BE,LEUVEN
"CH5604835012345678000
Nestlé SA
REF-98765
Switzerland Vevey Avenue Nestlé 55
Bldg 1 1800",CH,VEVEY
"SE3550000000054910000003
IKEA Group

Sweden Älmhult IKEAgatan 1
Unit A 34336",SE,ALMHULT
"AU033123456789098
BHP Group
*Some extra info*
Australia Melbourne 171 Collins Street
Box 45 3000",AU,MELBOURNE
"JP1020000001234567890
Sony Corporation
NULL
Japan Tokyo 1-7-1 Konan, Minato-ku
Building 6 108-0075TOKYO",JP,TOKYO
"ZA4501234567896789
Naspers Ltd
!!!Important!!!
South Africa Cape Town 40 Heerengracht St
Suite 501 8001",ZA,CAPE TOWN
"KR8901234567894567
Samsung Electronics
RandomData42
South Korea Suwon Samsung-ro 129
R&D Wing 16677",KR,SUWON
"BR1234567890987654321
Petrobras

Brazil Rio de Janeiro Av. República do Chile, 65
Tower 3 20031-912",BR,RIO DE JANEIRO
"MX02123456789009876
Grupo Bimbo
EXTRA-NOTE: Panaderia
Mexico Mexico City Prolongación Paseo de la Reforma 1000
Block C 01330",MX,MEXICO CITY
"RU0441234567898765432
Gazprom
!@#INVALID_ENTRY!@#
Russia Moscow Ulitsa Nametkina 16
Office 202 117420",RU,MOSCOW
"IN9101234567890123456
Tata Group
SomeTextHere
India Mumbai Bombay House, 24 Homi Mody Street
Floor 2 400001",IN,MUMBAI
"CN6212345678908765432
Huawei Technologies

China Shenzhen Bantian, Longgang District
Building A3 518129",CN,SHENZHEN
"/13432843132
1/Monsieur Omelette-du-Fromage
2/LA COLLINE 48
3/CH/1784 COURTEPIN",CH,COURTEPIN
"13432843132
1/Monsieur Omelette-du-Fromage
2/LA COLLINE 48
3/CH/1784 ZURICH",CH,ZURICH
"13432843132
1/Monsieur Omelette-du-Fromage
2/LA COLLINE 48
3/FR/13340 ROGNAC",FR,ROGNAC
"SE3550000000054910000003
IKEA Group

Älmhult IKEAgatan 1
Unit A 34336",NO COUNTRY,ALMHULT
"AU033123456789098
BHP Group
*Some extra info*
Melbourne 171 Collins Street
Box 45 3000",NO COUNTRY,MELBOURNE
"BR1234567890987654321
Petrobras
Rio de Janeiro Av. República do Chile, 65
Tower 3 20031-912",NO COUNTRY,RIO DE JANEIRO
"RU0441234567898765432
Gazprom
Moscow Ulitsa Nametkina 16
Office 202 117420",NO COUNTRY,MOSCOW
"RU0441234567898765432
Gazprom
Moscow Ulitsa Nametkina 16
Office 202",NO COUNTRY,MOSCOW
"CA9085844353
FRANCOIS LEBLANC
POSTAL BOX 2345
MONTREAL QC
CANADA
POSTCODE H3Z 2Y7
TEL: (514) 555-9876",CA,MONTREAL
"CA9085844353
FRANCOIS LEBLANC
POSTAL BOX 2345
MONTREAL QC
CANADA
POSTE RESTANTE",CA,MONTREAL
"CA9085844353
FRANCOIS LEBLANC
POSTAL BOX 2345
MONTREAL QC
CANADA
C/O MRS. SMITH",CA,MONTREAL
"CA9085844353
FRANCOIS LEBLANC
POSTAL BOX 2345
MONTREAL
POSTCODE H3Z 2Y7
TEL: (514) 555-9876",NO COUNTRY,MONTREAL
"CA9085844353
FRANCOIS LEBLANC
POSTAL BOX 2345
MONTREAL
POSTE RESTANTE",NO COUNTRY,MONTREAL
"CA9085844353
FRANCOIS LEBLANC
POSTAL BOX 2345
MONTREAL
C/O MRS. SMITH",NO COUNTRY,MONTREAL
"FRANCOIS LEBLANC
POSTAL BOX 2345
MONTREAL
POSTCODE H3Z 2Y7
TEL: (514) 555-9876",NO COUNTRY,MONTREAL
"FRANCOIS LEBLANC
POSTAL BOX 2345
MONTREAL
POSTE RESTANTE",NO COUNTRY,MONTREAL
"FRANCOIS LEBLANC
POSTAL BOX 2345
MONTREAL
C/O MRS. SMITH",NO COUNTRY,MONTREAL
"/123
FRANCOIS LEBLANC
POSTAL BOX 2345
MONTREAL
POSTCODE H3Z 2Y7
TEL: (514) 555-9876",NO COUNTRY,MONTREAL
"/123
FRANCOIS LEBLANC
POSTAL BOX 2345
MONTREAL
POSTE RESTANTE",NO COUNTRY,MONTREAL
"/123
FRANCOIS LEBLANC
POSTAL BOX 2345
MONTREAL
C/O MRS. SMITH",NO COUNTRY,MONTREAL
"FR8098639678678633
CHARLES-HENRI BOYER 13
 RUE DE
PARIS MARTIGUES FRANCE",FR,MARTIGUES
"FR8098639678678633
CHARLES-HENRI BOYER 13
 RUE DE PARIS
 MARTIGUES FRANCE",FR,MARTIGUES
"FR8098639678678633
CHARLES-HENRI BOYER 13
 RUE DE
PARIS
MARTIGUES FRANCE",FR,MARTIGUES
"CHARLES-HENRI BOYER 13
 RUE DE
PARIS MARTIGUES FRANCE",FR,MARTIGUES
"CHARLES-HENRI BOYER 13
 RUE DE PARIS
 MARTIGUES FRANCE",FR,MARTIGUES
"CHARLES-HENRI BOYER 13
 RUE DE
PARIS
MARTIGUES FRANCE",FR,MARTIGUES
"CHARLES-HENRI BOYER 13
 RUE DE
 PARIS
MARTIGUES FRANCE",FR,MARTIGUES
"FR8098639678678633
CHARLES-HENRI BOYER 13
 RUE DE
MARSEILLE MARTIGUES FRANCE",FR,MARTIGUES
"FR8098639678678633
CHARLES-HENRI BOYER 13
 RUE DE MARSEILLE
 MARTIGUES FRANCE",FR,MARTIGUES
"FR8098639678678633
CHARLES-HENRI BOYER 13
 RUE DE
MARSEILLE
MARTIGUES FRANCE",FR,MARTIGUES
"123456689
BRUCE LEE
DOWN THE STREET BY THE WATER FOUNTAIN
RED LIGHT DISTRICT MACAO",MO,MACAO
"123456689
BRUCE LEE
DOWN THE STREET BY THE WATER FOUNTAIN
RED LIGHT DISTRICT MACAU",MO,MACAU
"123456689
BRUCE LICSH
CHEMIN DES MARINS SOURDS 64 8930 MENEN
 BE",BE,MENEN
